fipstate,fipscty,naics,emp_nf,emp,qp1_nf,qp1,ap_nf,ap,est,n_lt_5,n5_9,n10_19,n20_49,n50_99,n100_249,n250_499,n500_999,n1000,n1000_1,n1000_2,n1000_3,n1000_4,data_year,county_name,fips_full,naics_level,naics_prefix,qp1_usd,ap_usd,emp_noise_label,qp1_noise_label,ap_noise_label
48,201,------,G,2182164,G,49768877,G,175822349,111215,59476.0,18915.0,13927.0,11103.0,4173.0,2502.0,714.0,270.0,135.0,51.0,51.0,21.0,12.0,2023,"Harris County, TX",48201,total,all,49768877000,175822349000,low,low,low
48,201,11----,H,163,H,1956,H,9799,43,34.0,6.0,,,,,,,,,,,,2023,"Harris County, TX",48201,2-digit,11,1956000,9799000,medium,medium,medium
48,201,113///,J,50,J,844,J,4759,3,,,,,,,,,,,,,,2023,"Harris County, TX",48201,3-digit,113,844000,4759000,high,high,high
48,201,114///,G,14,G,145,G,778,10,10.0,,,,,,,,,,,,,2023,"Harris County, TX",48201,3-digit,114,145000,778000,low,low,low
48,201,1141//,G,5,H,57,H,314,4,4.0,,,,,,,,,,,,,2023,"Harris County, TX",48201,4-digit,1141,57000,314000,low,medium,medium
48,201,11411/,G,5,H,57,H,314,4,4.0,,,,,,,,,,,,,2023,"Harris County, TX",48201,5-digit,11411,57000,314000,low,medium,medium
48,201,114111,G,4,H,51,H,290,3,3.0,,,,,,,,,,,,,2023,"Harris County, TX",48201,6-digit,114111,51000,290000,low,medium,medium
48,201,1142//,G,9,G,88,G,464,6,6.0,,,,,,,,,,,,,2023,"Harris County, TX",48201,4-digit,1142,88000,464000,low,low,low
48,201,11421/,G,9,G,88,G,464,6,6.0,,,,,,,,,,,,,2023,"Harris County, TX",48201,5-digit,11421,88000,464000,low,low,low
48,201,114210,G,9,G,88,G,464,6,6.0,,,,,,,,,,,,,2023,"Harris County, TX",48201,6-digit,114210,88000,464000,low,low,low
48,201,115///,G,99,G,967,G,4262,30,22.0,6.0,,,,,,,,,,,,2023,"Harris County, TX",48201,3-digit,115,967000,4262000,low,low,low
48,201,1151//,J,19,J,220,J,1006,6,4.0,,,,,,,,,,,,,2023,"Harris County, TX",48201,4-digit,1151,220000,1006000,high,high,high
48,201,11511/,J,19,J,220,J,1006,6,4.0,,,,,,,,,,,,,2023,"Harris County, TX",48201,5-digit,11511,220000,1006000,high,high,high
48,201,1152//,J,73,H,634,H,2646,22,17.0,3.0,,,,,,,,,,,,2023,"Harris County, TX",48201,4-digit,1152,634000,2646000,high,medium,medium
48,201,11521/,J,73,H,634,H,2646,22,17.0,3.0,,,,,,,,,,,,2023,"Harris County, TX",48201,5-digit,11521,634000,2646000,high,medium,medium
48,201,115210,J,73,H,634,H,2646,22,17.0,3.0,,,,,,,,,,,,2023,"Harris County, TX",48201,6-digit,115210,634000,2646000,high,medium,medium
48,201,21----,G,33866,G,2475127,G,6798950,869,439.0,123.0,86.0,86.0,58.0,43.0,22.0,9.0,3.0,,,,,2023,"Harris County, TX",48201,2-digit,21,2475127000,6798950000,low,low,low
48,201,211///,G,13226,G,1502924,G,3613513,298,154.0,38.0,34.0,23.0,20.0,17.0,5.0,5.0,,,,,,2023,"Harris County, TX",48201,3-digit,211,1502924000,3613513000,low,low,low
48,201,2111//,G,13226,G,1502924,G,3613513,298,154.0,38.0,34.0,23.0,20.0,17.0,5.0,5.0,,,,,,2023,"Harris County, TX",48201,4-digit,2111,1502924000,3613513000,low,low,low
48,201,21112/,G,9383,G,1057943,G,2598870,218,117.0,31.0,24.0,13.0,15.0,9.0,3.0,5.0,,,,,,2023,"Harris County, TX",48201,5-digit,21112,1057943000,2598870000,low,low,low
48,201,211120,G,9383,G,1057943,G,2598870,218,117.0,31.0,24.0,13.0,15.0,9.0,3.0,5.0,,,,,,2023,"Harris County, TX",48201,6-digit,211120,1057943000,2598870000,low,low,low
48,201,21113/,G,3843,G,444981,G,1014643,80,37.0,7.0,10.0,10.0,5.0,8.0,,,,,,,,2023,"Harris County, TX",48201,5-digit,21113,444981000,1014643000,low,low,low
48,201,211130,G,3843,G,444981,G,1014643,80,37.0,7.0,10.0,10.0,5.0,8.0,,,,,,,,2023,"Harris County, TX",48201,6-digit,211130,444981000,1014643000,low,low,low
48,201,212///,H,498,H,10494,H,41867,42,19.0,14.0,3.0,4.0,,,,,,,,,,2023,"Harris County, TX",48201,3-digit,212,10494000,41867000,medium,medium,medium
48,201,2123//,G,470,G,9518,H,39554,40,19.0,13.0,,4.0,,,,,,,,,,2023,"Harris County, TX",48201,4-digit,2123,9518000,39554000,low,low,medium
48,201,21232/,G,364,H,6668,H,29341,37,18.0,13.0,,3.0,,,,,,,,,,2023,"Harris County, TX",48201,5-digit,21232,6668000,29341000,low,medium,medium
48,201,212321,J,126,H,1926,G,8247,29,16.0,11.0,,,,,,,,,,,,2023,"Harris County, TX",48201,6-digit,212321,1926000,8247000,high,medium,low
48,201,212322,J,230,J,4533,J,20412,6,,,,,,,,,,,,,,2023,"Harris County, TX",48201,6-digit,212322,4533000,20412000,high,high,high
48,201,21239/,H,106,G,2850,G,10213,3,,,,,,,,,,,,,,2023,"Harris County, TX",48201,5-digit,21239,2850000,10213000,medium,low,low
48,201,213///,G,20142,G,961709,G,3143570,529,266.0,71.0,49.0,59.0,37.0,25.0,17.0,4.0,,,,,,2023,"Harris County, TX",48201,3-digit,213,961709000,3143570000,low,low,low
48,201,2131//,G,20142,G,961709,G,3143570,529,266.0,71.0,49.0,59.0,37.0,25.0,17.0,4.0,,,,,,2023,"Harris County, TX",48201,4-digit,2131,961709000,3143570000,low,low,low
48,201,21311/,G,20142,G,961709,G,3143570,529,266.0,71.0,49.0,59.0,37.0,25.0,17.0,4.0,,,,,,2023,"Harris County, TX",48201,5-digit,21311,961709000,3143570000,low,low,low
48,201,213111,G,6937,H,350385,H,1083007,86,43.0,6.0,5.0,8.0,7.0,5.0,9.0,3.0,,,,,,2023,"Harris County, TX",48201,6-digit,213111,350385000,1083007000,low,medium,medium
48,201,213112,G,13193,G,611153,G,2059767,440,220.0,65.0,44.0,51.0,30.0,20.0,8.0,,,,,,,2023,"Harris County, TX",48201,6-digit,213112,611153000,2059767000,low,low,low
48,201,22----,H,18687,H,991924,H,2722048,366,164.0,43.0,38.0,53.0,31.0,20.0,11.0,4.0,,,,,,2023,"Harris County, TX",48201,2-digit,22,991924000,2722048000,medium,medium,medium
48,201,221///,H,18687,H,991924,H,2722048,366,164.0,43.0,38.0,53.0,31.0,20.0,11.0,4.0,,,,,,2023,"Harris County, TX",48201,3-digit,221,991924000,2722048000,medium,medium,medium
48,201,2211//,H,10768,H,548523,H,1547602,196,97.0,13.0,20.0,30.0,15.0,10.0,7.0,3.0,,,,,,2023,"Harris County, TX",48201,4-digit,2211,548523000,1547602000,medium,medium,medium
48,201,22111/,H,3923,H,229777,H,673481,104,53.0,6.0,12.0,15.0,10.0,,5.0,,,,,,,2023,"Harris County, TX",48201,5-digit,22111,229777000,673481000,medium,medium,medium
48,201,221112,G,2116,H,161517,H,401606,62,33.0,3.0,8.0,9.0,5.0,,4.0,,,,,,,2023,"Harris County, TX",48201,6-digit,221112,161517000,401606000,low,medium,medium
48,201,221114,H,822,H,25320,G,102596,14,5.0,,,3.0,,,,,,,,,,2023,"Harris County, TX",48201,6-digit,221114,25320000,102596000,medium,medium,low
48,201,221115,H,906,H,40116,H,154807,18,7.0,,3.0,,3.0,,,,,,,,,2023,"Harris County, TX",48201,6-digit,221115,40116000,154807000,medium,medium,medium
48,201,221118,J,10,H,623,H,1796,3,3.0,,,,,,,,,,,,,2023,"Harris County, TX",48201,6-digit,221118,623000,1796000,high,medium,medium
48,201,22112/,J,6845,H,318746,H,874121,92,44.0,7.0,8.0,15.0,5.0,8.0,,,,,,,,2023,"Harris County, TX",48201,5-digit,22112,318746000,874121000,high,medium,medium
48,201,221121,J,30,J,1422,J,3285,12,11.0,,,,,,,,,,,,,2023,"Harris County, TX",48201,6-digit,221121,1422000,3285000,high,high,high
48,201,221122,J,6815,H,317324,H,870836,80,33.0,7.0,7.0,15.0,5.0,8.0,,,,,,,,2023,"Harris County, TX",48201,6-digit,221122,317324000,870836000,high,medium,medium
48,201,2212//,J,6171,J,395737,J,1005175,74,22.0,6.0,10.0,12.0,11.0,8.0,3.0,,,,,,,2023,"Harris County, TX",48201,4-digit,2212,395737000,1005175000,high,high,high
48,201,22121/,J,6171,J,395737,J,1005175,74,22.0,6.0,10.0,12.0,11.0,8.0,3.0,,,,,,,2023,"Harris County, TX",48201,5-digit,22121,395737000,1005175000,high,high,high
48,201,221210,J,6171,J,395737,J,1005175,74,22.0,6.0,10.0,12.0,11.0,8.0,3.0,,,,,,,2023,"Harris County, TX",48201,6-digit,221210,395737000,1005175000,high,high,high
48,201,2213//,H,1748,H,47664,H,169271,96,45.0,24.0,8.0,11.0,5.0,,,,,,,,,2023,"Harris County, TX",48201,4-digit,2213,47664000,169271000,medium,medium,medium
48,201,22131/,H,1376,H,39420,H,135483,72,34.0,20.0,5.0,8.0,,,,,,,,,,2023,"Harris County, TX",48201,5-digit,22131,39420000,135483000,medium,medium,medium
48,201,221310,H,1376,H,39420,H,135483,72,34.0,20.0,5.0,8.0,,,,,,,,,,2023,"Harris County, TX",48201,6-digit,221310,39420000,135483000,medium,medium,medium
48,201,22132/,H,164,H,2180,H,9339,19,11.0,3.0,,,,,,,,,,,,2023,"Harris County, TX",48201,5-digit,22132,2180000,9339000,medium,medium,medium
48,201,221320,H,164,H,2180,H,9339,19,11.0,3.0,,,,,,,,,,,,2023,"Harris County, TX",48201,6-digit,221320,2180000,9339000,medium,medium,medium
48,201,22133/,G,208,G,6064,G,24449,5,,,,,,,,,,,,,,2023,"Harris County, TX",48201,5-digit,22133,6064000,24449000,low,low,low
48,201,221330,G,208,G,6064,G,24449,5,,,,,,,,,,,,,,2023,"Harris County, TX",48201,6-digit,221330,6064000,24449000,low,low,low
48,201,23----,G,166110,G,3276700,G,13328731,7718,4427.0,1162.0,812.0,699.0,306.0,200.0,71.0,26.0,15.0,9.0,4.0,,,2023,"Harris County, TX",48201,2-digit,23,3276700000,13328731000,low,low,low
48,201,236///,G,27129,G,649694,G,2596918,2395,1690.0,297.0,176.0,133.0,55.0,30.0,8.0,4.0,,,,,,2023,"Harris County, TX",48201,3-digit,236,649694000,2596918000,low,low,low
48,201,2361//,G,12038,G,340355,G,1235625,1674,1329.0,175.0,83.0,45.0,23.0,15.0,,,,,,,,2023,"Harris County, TX",48201,4-digit,2361,340355000,1235625000,low,low,low
48,201,23611/,G,12038,G,340355,G,1235625,1674,1329.0,175.0,83.0,45.0,23.0,15.0,,,,,,,,2023,"Harris County, TX",48201,5-digit,23611,340355000,1235625000,low,low,low
48,201,236115,H,2720,G,50714,G,199233,574,471.0,57.0,29.0,11.0,3.0,,,,,,,,,2023,"Harris County, TX",48201,6-digit,236115,50714000,199233000,medium,low,low
48,201,236116,G,1552,G,42718,G,185482,60,29.0,10.0,6.0,10.0,,,,,,,,,,2023,"Harris County, TX",48201,6-digit,236116,42718000,185482000,low,low,low
48,201,236117,G,4287,G,196351,G,637615,155,94.0,20.0,10.0,8.0,12.0,10.0,,,,,,,,2023,"Harris County, TX",48201,6-digit,236117,196351000,637615000,low,low,low
48,201,236118,H,3479,G,50572,G,213295,885,735.0,88.0,38.0,16.0,6.0,,,,,,,,,2023,"Harris County, TX",48201,6-digit,236118,50572000,213295000,medium,low,low
48,201,2362//,G,15091,G,309339,G,1361293,721,361.0,122.0,93.0,88.0,32.0,15.0,6.0,3.0,,,,,,2023,"Harris County, TX",48201,4-digit,2362,309339000,1361293000,low,low,low
48,201,23621/,H,3298,H,53747,H,275016,72,30.0,17.0,9.0,6.0,5.0,,,,,,,,,2023,"Harris County, TX",48201,5-digit,23621,53747000,275016000,medium,medium,medium
48,201,236210,H,3298,H,53747,H,275016,72,30.0,17.0,9.0,6.0,5.0,,,,,,,,,2023,"Harris County, TX",48201,6-digit,236210,53747000,275016000,medium,medium,medium
48,201,23622/,G,11793,G,255592,G,1086277,649,331.0,105.0,84.0,82.0,27.0,14.0,4.0,,,,,,,2023,"Harris County, TX",48201,5-digit,23622,255592000,1086277000,low,low,low
48,201,236220,G,11793,G,255592,G,1086277,649,331.0,105.0,84.0,82.0,27.0,14.0,4.0,,,,,,,2023,"Harris County, TX",48201,6-digit,236220,255592000,1086277000,low,low,low
48,201,237///,G,45091,G,1003600,G,3956788,595,211.0,81.0,83.0,83.0,52.0,42.0,25.0,8.0,10.0,6.0,3.0,,,2023,"Harris County, TX",48201,3-digit,237,1003600000,3956788000,low,low,low
48,201,2371//,G,35116,G,816983,G,3216924,361,118.0,43.0,59.0,50.0,28.0,28.0,19.0,7.0,9.0,6.0,,,,2023,"Harris County, TX",48201,4-digit,2371,816983000,3216924000,low,low,low
48,201,23711/,G,3922,G,60595,G,245517,134,42.0,22.0,26.0,22.0,11.0,10.0,,,,,,,,2023,"Harris County, TX",48201,5-digit,23711,60595000,245517000,low,low,low
48,201,237110,G,3922,G,60595,G,245517,134,42.0,22.0,26.0,22.0,11.0,10.0,,,,,,,,2023,"Harris County, TX",48201,6-digit,237110,60595000,245517000,low,low,low
48,201,23712/,G,20066,G,471150,G,1906699,116,28.0,11.0,15.0,14.0,10.0,13.0,16.0,3.0,6.0,5.0,,,,2023,"Harris County, TX",48201,5-digit,23712,471150000,1906699000,low,low,low
48,201,237120,G,20066,G,471150,G,1906699,116,28.0,11.0,15.0,14.0,10.0,13.0,16.0,3.0,6.0,5.0,,,,2023,"Harris County, TX",48201,6-digit,237120,471150000,1906699000,low,low,low
48,201,23713/,H,11128,H,285238,H,1064708,111,48.0,10.0,18.0,14.0,7.0,5.0,,4.0,3.0,,,,,2023,"Harris County, TX",48201,5-digit,23713,285238000,1064708000,medium,medium,medium
48,201,237130,H,11128,H,285238,H,1064708,111,48.0,10.0,18.0,14.0,7.0,5.0,,4.0,3.0,,,,,2023,"Harris County, TX",48201,6-digit,237130,285238000,1064708000,medium,medium,medium
48,201,2372//,H,829,H,29167,H,99405,71,45.0,14.0,4.0,4.0,3.0,,,,,,,,,2023,"Harris County, TX",48201,4-digit,2372,29167000,99405000,medium,medium,medium
48,201,23721/,H,829,H,29167,H,99405,71,45.0,14.0,4.0,4.0,3.0,,,,,,,,,2023,"Harris County, TX",48201,5-digit,23721,29167000,99405000,medium,medium,medium
48,201,237210,H,829,H,29167,H,99405,71,45.0,14.0,4.0,4.0,3.0,,,,,,,,,2023,"Harris County, TX",48201,6-digit,237210,29167000,99405000,medium,medium,medium
48,201,2373//,G,7031,G,114827,G,462693,104,27.0,13.0,12.0,24.0,13.0,9.0,4.0,,,,,,,2023,"Harris County, TX",48201,4-digit,2373,114827000,462693000,low,low,low
48,201,23731/,G,7031,G,114827,G,462693,104,27.0,13.0,12.0,24.0,13.0,9.0,4.0,,,,,,,2023,"Harris County, TX",48201,5-digit,23731,114827000,462693000,low,low,low
48,201,237310,G,7031,G,114827,G,462693,104,27.0,13.0,12.0,24.0,13.0,9.0,4.0,,,,,,,2023,"Harris County, TX",48201,6-digit,237310,114827000,462693000,low,low,low
48,201,2379//,G,2115,G,42623,G,177766,59,21.0,11.0,8.0,5.0,8.0,5.0,,,,,,,,2023,"Harris County, TX",48201,4-digit,2379,42623000,177766000,low,low,low
48,201,23799/,G,2115,G,42623,G,177766,59,21.0,11.0,8.0,5.0,8.0,5.0,,,,,,,,2023,"Harris County, TX",48201,5-digit,23799,42623000,177766000,low,low,low
48,201,237990,G,2115,G,42623,G,177766,59,21.0,11.0,8.0,5.0,8.0,5.0,,,,,,,,2023,"Harris County, TX",48201,6-digit,237990,42623000,177766000,low,low,low
48,201,238///,G,93890,G,1623406,G,6775025,4728,2526.0,784.0,553.0,483.0,199.0,128.0,38.0,14.0,3.0,,,,,2023,"Harris County, TX",48201,3-digit,238,1623406000,6775025000,low,low,low
48,201,2381//,G,22230,G,375223,G,1504730,1026,559.0,176.0,113.0,92.0,45.0,25.0,10.0,4.0,,,,,,2023,"Harris County, TX",48201,4-digit,2381,375223000,1504730000,low,low,low
48,201,23811/,G,7612,G,114350,G,474311,216,95.0,40.0,30.0,23.0,11.0,10.0,4.0,,,,,,,2023,"Harris County, TX",48201,5-digit,23811,114350000,474311000,low,low,low
48,201,238110,G,7612,G,114350,G,474311,216,95.0,40.0,30.0,23.0,11.0,10.0,4.0,,,,,,,2023,"Harris County, TX",48201,6-digit,238110,114350000,474311000,low,low,low
48,201,23812/,G,2551,G,36201,G,160097,70,23.0,9.0,15.0,12.0,5.0,4.0,,,,,,,,2023,"Harris County, TX",48201,5-digit,23812,36201000,160097000,low,low,low
48,201,238120,G,2551,G,36201,G,160097,70,23.0,9.0,15.0,12.0,5.0,4.0,,,,,,,,2023,"Harris County, TX",48201,6-digit,238120,36201000,160097000,low,low,low
48,201,23813/,G,1035,G,12839,G,53057,84,59.0,15.0,5.0,,,,,,,,,,,2023,"Harris County, TX",48201,5-digit,23813,12839000,53057000,low,low,low
48,201,238130,G,1035,G,12839,G,53057,84,59.0,15.0,5.0,,,,,,,,,,,2023,"Harris County, TX",48201,6-digit,238130,12839000,53057000,low,low,low
48,201,23814/,H,2600,H,39279,H,169139,122,69.0,15.0,12.0,11.0,9.0,5.0,,,,,,,,2023,"Harris County, TX",48201,5-digit,23814,39279000,169139000,medium,medium,medium
48,201,238140,H,2600,H,39279,H,169139,122,69.0,15.0,12.0,11.0,9.0,5.0,,,,,,,,2023,"Harris County, TX",48201,6-digit,238140,39279000,169139000,medium,medium,medium
48,201,23815/,G,1829,G,27585,G,106752,111,51.0,22.0,13.0,15.0,7.0,,,,,,,,,2023,"Harris County, TX",48201,5-digit,23815,27585000,106752000,low,low,low
48,201,238150,G,1829,G,27585,G,106752,111,51.0,22.0,13.0,15.0,7.0,,,,,,,,,2023,"Harris County, TX",48201,6-digit,238150,27585000,106752000,low,low,low
48,201,23816/,G,2649,G,46653,G,211362,301,199.0,45.0,24.0,22.0,8.0,3.0,,,,,,,,2023,"Harris County, TX",48201,5-digit,23816,46653000,211362000,low,low,low
48,201,238160,G,2649,G,46653,G,211362,301,199.0,45.0,24.0,22.0,8.0,3.0,,,,,,,,2023,"Harris County, TX",48201,6-digit,238160,46653000,211362000,low,low,low
48,201,23817/,H,498,H,10837,H,46866,37,24.0,8.0,,,,,,,,,,,,2023,"Harris County, TX",48201,5-digit,23817,10837000,46866000,medium,medium,medium
48,201,238170,H,498,H,10837,H,46866,37,24.0,8.0,,,,,,,,,,,,2023,"Harris County, TX",48201,6-digit,238170,10837000,46866000,medium,medium,medium
48,201,23819/,G,3456,H,87479,G,283146,85,39.0,22.0,12.0,6.0,3.0,,,,,,,,,2023,"Harris County, TX",48201,5-digit,23819,87479000,283146000,low,medium,low
48,201,238190,G,3456,H,87479,G,283146,85,39.0,22.0,12.0,6.0,3.0,,,,,,,,,2023,"Harris County, TX",48201,6-digit,238190,87479000,283146000,low,medium,low
48,201,2382//,G,41788,G,775059,G,3295430,2142,1107.0,361.0,263.0,226.0,95.0,66.0,17.0,7.0,,,,,,2023,"Harris County, TX",48201,4-digit,2382,775059000,3295430000,low,low,low
48,201,23821/,G,18093,G,350395,G,1460628,833,422.0,119.0,110.0,94.0,45.0,33.0,7.0,3.0,,,,,,2023,"Harris County, TX",48201,5-digit,23821,350395000,1460628000,low,low,low
48,201,238210,G,18093,G,350395,G,1460628,833,422.0,119.0,110.0,94.0,45.0,33.0,7.0,3.0,,,,,,2023,"Harris County, TX",48201,6-digit,238210,350395000,1460628000,low,low,low
48,201,23822/,G,19695,G,342114,G,1490439,1187,639.0,227.0,137.0,112.0,38.0,21.0,9.0,4.0,,,,,,2023,"Harris County, TX",48201,5-digit,23822,342114000,1490439000,low,low,low
48,201,238220,G,19695,G,342114,G,1490439,1187,639.0,227.0,137.0,112.0,38.0,21.0,9.0,4.0,,,,,,2023,"Harris County, TX",48201,6-digit,238220,342114000,1490439000,low,low,low
48,201,23829/,G,4000,G,82550,G,344363,122,46.0,15.0,16.0,20.0,12.0,12.0,,,,,,,,2023,"Harris County, TX",48201,5-digit,23829,82550000,344363000,low,low,low
48,201,238290,G,4000,G,82550,G,344363,122,46.0,15.0,16.0,20.0,12.0,12.0,,,,,,,,2023,"Harris County, TX",48201,6-digit,238290,82550000,344363000,low,low,low
48,201,2383//,G,16762,G,254079,G,1069268,933,552.0,128.0,102.0,98.0,25.0,21.0,5.0,,,,,,,2023,"Harris County, TX",48201,4-digit,2383,254079000,1069268000,low,low,low
48,201,23831/,G,4195,G,66147,G,283368,215,129.0,24.0,23.0,22.0,8.0,7.0,,,,,,,,2023,"Harris County, TX",48201,5-digit,23831,66147000,283368000,low,low,low
48,201,238310,G,4195,G,66147,G,283368,215,129.0,24.0,23.0,22.0,8.0,7.0,,,,,,,,2023,"Harris County, TX",48201,6-digit,238310,66147000,283368000,low,low,low
48,201,23832/,G,6150,H,94263,H,382484,193,110.0,31.0,17.0,22.0,6.0,5.0,,,,,,,,2023,"Harris County, TX",48201,5-digit,23832,94263000,382484000,low,medium,medium
48,201,238320,G,6150,H,94263,H,382484,193,110.0,31.0,17.0,22.0,6.0,5.0,,,,,,,,2023,"Harris County, TX",48201,6-digit,238320,94263000,382484000,low,medium,medium
48,201,23833/,G,930,G,14540,G,69155,130,78.0,27.0,12.0,10.0,3.0,,,,,,,,,2023,"Harris County, TX",48201,5-digit,23833,14540000,69155000,low,low,low
48,201,238330,G,930,G,14540,G,69155,130,78.0,27.0,12.0,10.0,3.0,,,,,,,,,2023,"Harris County, TX",48201,6-digit,238330,14540000,69155000,low,low,low
48,201,23834/,G,714,G,8674,G,38820,78,47.0,17.0,4.0,7.0,,,,,,,,,,2023,"Harris County, TX",48201,5-digit,23834,8674000,38820000,low,low,low
48,201,238340,G,714,G,8674,G,38820,78,47.0,17.0,4.0,7.0,,,,,,,,,,2023,"Harris County, TX",48201,6-digit,238340,8674000,38820000,low,low,low
48,201,23835/,G,2076,G,32264,G,132698,203,131.0,18.0,30.0,17.0,3.0,3.0,,,,,,,,2023,"Harris County, TX",48201,5-digit,23835,32264000,132698000,low,low,low
48,201,238350,G,2076,G,32264,G,132698,203,131.0,18.0,30.0,17.0,3.0,3.0,,,,,,,,2023,"Harris County, TX",48201,6-digit,238350,32264000,132698000,low,low,low
48,201,23839/,G,2697,G,38191,G,162743,114,57.0,11.0,16.0,20.0,3.0,5.0,,,,,,,,2023,"Harris County, TX",48201,5-digit,23839,38191000,162743000,low,low,low
48,201,238390,G,2697,G,38191,G,162743,114,57.0,11.0,16.0,20.0,3.0,5.0,,,,,,,,2023,"Harris County, TX",48201,6-digit,238390,38191000,162743000,low,low,low
48,201,2389//,G,13110,G,219045,G,905597,627,308.0,119.0,75.0,67.0,34.0,16.0,6.0,,,,,,,2023,"Harris County, TX",48201,4-digit,2389,219045000,905597000,low,low,low
48,201,23891/,G,6688,G,110838,G,469562,233,94.0,37.0,40.0,34.0,17.0,6.0,4.0,,,,,,,2023,"Harris County, TX",48201,5-digit,23891,110838000,469562000,low,low,low
48,201,238910,G,6688,G,110838,G,469562,233,94.0,37.0,40.0,34.0,17.0,6.0,4.0,,,,,,,2023,"Harris County, TX",48201,6-digit,238910,110838000,469562000,low,low,low
48,201,23899/,G,6422,G,108207,G,436035,394,214.0,82.0,35.0,33.0,17.0,10.0,,,,,,,,2023,"Harris County, TX",48201,5-digit,23899,108207000,436035000,low,low,low
48,201,238990,G,6422,G,108207,G,436035,394,214.0,82.0,35.0,33.0,17.0,10.0,,,,,,,,2023,"Harris County, TX",48201,6-digit,238990,108207000,436035000,low,low,low
48,201,31----,G,154890,G,3435381,G,13129771,4126,1427.0,693.0,654.0,688.0,319.0,224.0,82.0,33.0,6.0,4.0,,,,2023,"Harris County, TX",48201,2-digit,31,3435381000,13129771000,low,low,low
48,201,311///,G,9376,G,100022,G,392579,373,139.0,85.0,62.0,40.0,30.0,11.0,4.0,,,,,,,2023,"Harris County, TX",48201,3-digit,311,100022000,392579000,low,low,low
48,201,3111//,J,16,H,228,H,1122,6,4.0,,,,,,,,,,,,,2023,"Harris County, TX",48201,4-digit,3111,228000,1122000,high,medium,medium
48,201,31111/,J,16,H,228,H,1122,6,4.0,,,,,,,,,,,,,2023,"Harris County, TX",48201,5-digit,31111,228000,1122000,high,medium,medium
48,201,311111,J,7,J,32,G,265,4,3.0,,,,,,,,,,,,,2023,"Harris County, TX",48201,6-digit,311111,32000,265000,high,high,low
48,201,3112//,G,175,G,3210,G,12695,10,5.0,,,,,,,,,,,,,2023,"Harris County, TX",48201,4-digit,3112,3210000,12695000,low,low,low
48,201,31121/,G,159,G,2975,G,11881,6,,,,,,,,,,,,,,2023,"Harris County, TX",48201,5-digit,31121,2975000,11881000,low,low,low
48,201,311211,H,68,J,1125,J,5048,4,,,,,,,,,,,,,,2023,"Harris County, TX",48201,6-digit,311211,1125000,5048000,medium,high,high
48,201,31122/,J,16,H,235,G,814,4,3.0,,,,,,,,,,,,,2023,"Harris County, TX",48201,5-digit,31122,235000,814000,high,medium,low
48,201,311225,J,13,G,212,G,689,3,,,,,,,,,,,,,,2023,"Harris County, TX",48201,6-digit,311225,212000,689000,high,low,low
48,201,3113//,G,167,G,1041,G,4242,11,5.0,,3.0,,,,,,,,,,,2023,"Harris County, TX",48201,4-digit,3113,1041000,4242000,low,low,low
48,201,31134/,G,122,G,727,G,2865,4,,,,,,,,,,,,,,2023,"Harris County, TX",48201,5-digit,31134,727000,2865000,low,low,low
48,201,311340,G,122,G,727,G,2865,4,,,,,,,,,,,,,,2023,"Harris County, TX",48201,6-digit,311340,727000,2865000,low,low,low
48,201,31135/,H,36,G,199,H,926,6,4.0,,,,,,,,,,,,,2023,"Harris County, TX",48201,5-digit,31135,199000,926000,medium,low,medium
48,201,311352,J,17,H,84,H,311,4,3.0,,,,,,,,,,,,,2023,"Harris County, TX",48201,6-digit,311352,84000,311000,high,medium,medium
48,201,3114//,H,1478,H,15979,H,63521,20,6.0,,,3.0,4.0,,,,,,,,,2023,"Harris County, TX",48201,4-digit,3114,15979000,63521000,medium,medium,medium
48,201,31141/,H,1115,H,10128,J,43865,11,,,,3.0,,,,,,,,,,2023,"Harris County, TX",48201,5-digit,31141,10128000,43865000,medium,medium,high
48,201,311412,H,1060,H,9427,J,41295,9,,,,,,,,,,,,,,2023,"Harris County, TX",48201,6-digit,311412,9427000,41295000,medium,medium,high
48,201,31142/,G,363,H,5851,H,19656,9,4.0,,,,,,,,,,,,,2023,"Harris County, TX",48201,5-digit,31142,5851000,19656000,low,medium,medium
48,201,311421,G,363,H,5851,H,19656,9,4.0,,,,,,,,,,,,,2023,"Harris County, TX",48201,6-digit,311421,5851000,19656000,low,medium,medium
48,201,3115//,J,779,J,10856,J,40490,12,,4.0,3.0,,,,,,,,,,,2023,"Harris County, TX",48201,4-digit,3115,10856000,40490000,high,high,high
48,201,31151/,J,730,J,10503,J,38933,5,,,,,,,,,,,,,,2023,"Harris County, TX",48201,5-digit,31151,10503000,38933000,high,high,high
48,201,31152/,H,49,G,353,G,1557,7,,4.0,,,,,,,,,,,,2023,"Harris County, TX",48201,5-digit,31152,353000,1557000,medium,low,low
48,201,311520,H,49,G,353,G,1557,7,,4.0,,,,,,,,,,,,2023,"Harris County, TX",48201,6-digit,311520,353000,1557000,medium,low,low
48,201,3116//,H,463,H,6950,H,25942,16,,8.0,,,,,,,,,,,,2023,"Harris County, TX",48201,4-digit,3116,6950000,25942000,medium,medium,medium
48,201,31161/,H,463,H,6950,H,25942,16,,8.0,,,,,,,,,,,,2023,"Harris County, TX",48201,5-digit,31161,6950000,25942000,medium,medium,medium
48,201,311611,H,93,H,816,G,3568,7,,4.0,,,,,,,,,,,,2023,"Harris County, TX",48201,6-digit,311611,816000,3568000,medium,medium,low
48,201,311612,H,79,H,589,H,2593,5,,,,,,,,,,,,,,2023,"Harris County, TX",48201,6-digit,311612,589000,2593000,medium,medium,medium
48,201,3118//,G,4760,H,45795,H,182694,233,86.0,55.0,45.0,24.0,16.0,5.0,,,,,,,,2023,"Harris County, TX",48201,4-digit,3118,45795000,182694000,low,medium,medium
48,201,31181/,G,3643,H,36269,H,143707,190,71.0,44.0,38.0,20.0,12.0,4.0,,,,,,,,2023,"Harris County, TX",48201,5-digit,31181,36269000,143707000,low,medium,medium
48,201,311811,G,1770,G,13752,G,54848,142,60.0,31.0,31.0,11.0,8.0,,,,,,,,,2023,"Harris County, TX",48201,6-digit,311811,13752000,54848000,low,low,low
48,201,311812,G,1219,H,17197,H,67366,43,11.0,11.0,7.0,7.0,4.0,3.0,,,,,,,,2023,"Harris County, TX",48201,6-digit,311812,17197000,67366000,low,medium,medium
48,201,311813,H,654,H,5320,H,21493,5,,,,,,,,,,,,,,2023,"Harris County, TX",48201,6-digit,311813,5320000,21493000,medium,medium,medium
48,201,31182/,G,76,G,626,G,2458,10,5.0,3.0,,,,,,,,,,,,2023,"Harris County, TX",48201,5-digit,31182,626000,2458000,low,low,low
48,201,311821,J,39,H,216,H,844,7,4.0,,,,,,,,,,,,,2023,"Harris County, TX",48201,6-digit,311821,216000,844000,high,medium,medium
48,201,311824,J,37,H,410,H,1614,3,,,,,,,,,,,,,,2023,"Harris County, TX",48201,6-digit,311824,410000,1614000,high,medium,medium
48,201,31183/,H,1041,H,8900,H,36529,33,10.0,8.0,6.0,3.0,4.0,,,,,,,,,2023,"Harris County, TX",48201,5-digit,31183,8900000,36529000,medium,medium,medium
48,201,311830,H,1041,H,8900,H,36529,33,10.0,8.0,6.0,3.0,4.0,,,,,,,,,2023,"Harris County, TX",48201,6-digit,311830,8900000,36529000,medium,medium,medium
48,201,3119//,G,1497,G,14944,G,57535,63,29.0,12.0,6.0,7.0,6.0,,,,,,,,,2023,"Harris County, TX",48201,4-digit,3119,14944000,57535000,low,low,low
48,201,31191/,G,241,H,2257,G,6513,13,5.0,4.0,,,,,,,,,,,,2023,"Harris County, TX",48201,5-digit,31191,2257000,6513000,low,medium,low
48,201,311911,J,121,J,1442,G,2840,5,,,,,,,,,,,,,,2023,"Harris County, TX",48201,6-digit,311911,1442000,2840000,high,high,low
48,201,311919,H,120,J,815,H,3673,8,4.0,,,,,,,,,,,,,2023,"Harris County, TX",48201,6-digit,311919,815000,3673000,medium,high,medium
48,201,31192/,H,192,H,2757,H,9382,18,11.0,4.0,,,,,,,,,,,,2023,"Harris County, TX",48201,5-digit,31192,2757000,9382000,medium,medium,medium
48,201,311920,H,192,H,2757,H,9382,18,11.0,4.0,,,,,,,,,,,,2023,"Harris County, TX",48201,6-digit,311920,2757000,9382000,medium,medium,medium
48,201,31194/,G,125,G,1097,G,4622,5,,,,,,,,,,,,,,2023,"Harris County, TX",48201,5-digit,31194,1097000,4622000,low,low,low
48,201,311942,H,77,J,642,J,2690,3,,,,,,,,,,,,,,2023,"Harris County, TX",48201,6-digit,311942,642000,2690000,medium,high,high
48,201,31199/,G,935,G,8832,G,37016,26,11.0,4.0,,4.0,3.0,,,,,,,,,2023,"Harris County, TX",48201,5-digit,31199,8832000,37016000,low,low,low
48,201,311991,G,782,G,7000,G,29950,16,6.0,,,,,,,,,,,,,2023,"Harris County, TX",48201,6-digit,311991,7000000,29950000,low,low,low
48,201,311999,H,153,G,1832,G,7066,10,5.0,,,,,,,,,,,,,2023,"Harris County, TX",48201,6-digit,311999,1832000,7066000,medium,low,low
48,201,312///,G,3351,H,66446,H,248541,69,20.0,14.0,17.0,6.0,5.0,3.0,3.0,,,,,,,2023,"Harris County, TX",48201,3-digit,312,66446000,248541000,low,medium,medium
48,201,3121//,G,3351,H,66446,H,248541,69,20.0,14.0,17.0,6.0,5.0,3.0,3.0,,,,,,,2023,"Harris County, TX",48201,4-digit,3121,66446000,248541000,low,medium,medium
48,201,31211/,G,1902,G,34497,G,137899,18,5.0,3.0,,,4.0,,,,,,,,,2023,"Harris County, TX",48201,5-digit,31211,34497000,137899000,low,low,low
48,201,312111,H,1490,H,26507,H,105803,6,,,,,,,,,,,,,,2023,"Harris County, TX",48201,6-digit,312111,26507000,105803000,medium,medium,medium
48,201,312112,H,332,H,7188,H,27937,6,,,,,,,,,,,,,,2023,"Harris County, TX",48201,6-digit,312112,7188000,27937000,medium,medium,medium
48,201,312113,H,80,H,802,H,4159,6,3.0,,,,,,,,,,,,,2023,"Harris County, TX",48201,6-digit,312113,802000,4159000,medium,medium,medium
48,201,31212/,H,1277,J,30052,J,98749,29,4.0,7.0,10.0,4.0,,,,,,,,,,2023,"Harris County, TX",48201,5-digit,31212,30052000,98749000,medium,high,high
48,201,312120,H,1277,J,30052,J,98749,29,4.0,7.0,10.0,4.0,,,,,,,,,,2023,"Harris County, TX",48201,6-digit,312120,30052000,98749000,medium,high,high
48,201,31213/,H,137,H,923,H,4370,17,9.0,,4.0,,,,,,,,,,,2023,"Harris County, TX",48201,5-digit,31213,923000,4370000,medium,medium,medium
48,201,312130,H,137,H,923,H,4370,17,9.0,,4.0,,,,,,,,,,,2023,"Harris County, TX",48201,6-digit,312130,923000,4370000,medium,medium,medium
48,201,31214/,J,35,J,974,J,7523,5,,,,,,,,,,,,,,2023,"Harris County, TX",48201,5-digit,31214,974000,7523000,high,high,high
48,201,312140,J,35,J,974,J,7523,5,,,,,,,,,,,,,,2023,"Harris County, TX",48201,6-digit,312140,974000,7523000,high,high,high
48,201,313///,H,93,J,901,J,3610,10,6.0,,,,,,,,,,,,,2023,"Harris County, TX",48201,3-digit,313,901000,3610000,medium,high,high
48,201,3132//,J,60,J,651,J,2464,5,,,,,,,,,,,,,,2023,"Harris County, TX",48201,4-digit,3132,651000,2464000,high,high,high
48,201,3133//,G,33,H,250,H,1146,5,4.0,,,,,,,,,,,,,2023,"Harris County, TX",48201,4-digit,3133,250000,1146000,low,medium,medium
48,201,31331/,H,28,H,230,H,1031,3,,,,,,,,,,,,,,2023,"Harris County, TX",48201,5-digit,31331,230000,1031000,medium,medium,medium
48,201,313310,H,28,H,230,H,1031,3,,,,,,,,,,,,,,2023,"Harris County, TX",48201,6-digit,313310,230000,1031000,medium,medium,medium
48,201,314///,G,887,G,8323,G,35340,64,31.0,10.0,8.0,11.0,4.0,,,,,,,,,2023,"Harris County, TX",48201,3-digit,314,8323000,35340000,low,low,low
48,201,3141//,H,145,H,1285,G,7292,16,8.0,4.0,,3.0,,,,,,,,,,2023,"Harris County, TX",48201,4-digit,3141,1285000,7292000,medium,medium,low
48,201,31412/,H,140,H,1218,G,7098,15,7.0,4.0,,3.0,,,,,,,,,,2023,"Harris County, TX",48201,5-digit,31412,1218000,7098000,medium,medium,low
48,201,314120,H,140,H,1218,G,7098,15,7.0,4.0,,3.0,,,,,,,,,,2023,"Harris County, TX",48201,6-digit,314120,1218000,7098000,medium,medium,low
48,201,3149//,G,742,G,7038,G,28048,48,23.0,6.0,7.0,8.0,4.0,,,,,,,,,2023,"Harris County, TX",48201,4-digit,3149,7038000,28048000,low,low,low
48,201,31491/,G,245,G,2603,G,10122,12,3.0,3.0,,,,,,,,,,,,2023,"Harris County, TX",48201,5-digit,31491,2603000,10122000,low,low,low
48,201,314910,G,245,G,2603,G,10122,12,3.0,3.0,,,,,,,,,,,,2023,"Harris County, TX",48201,6-digit,314910,2603000,10122000,low,low,low
48,201,31499/,G,497,G,4435,G,17926,36,20.0,3.0,5.0,6.0,,,,,,,,,,2023,"Harris County, TX",48201,5-digit,31499,4435000,17926000,low,low,low
48,201,314999,G,448,G,3829,G,15751,35,20.0,3.0,5.0,5.0,,,,,,,,,,2023,"Harris County, TX",48201,6-digit,314999,3829000,15751000,low,low,low
48,201,315///,G,282,G,2411,G,10413,36,20.0,6.0,6.0,4.0,,,,,,,,,,2023,"Harris County, TX",48201,3-digit,315,2411000,10413000,low,low,low
48,201,3152//,G,197,G,1725,G,7181,29,17.0,5.0,6.0,,,,,,,,,,,2023,"Harris County, TX",48201,4-digit,3152,1725000,7181000,low,low,low
48,201,31521/,J,27,H,238,G,1081,11,9.0,,,,,,,,,,,,,2023,"Harris County, TX",48201,5-digit,31521,238000,1081000,high,medium,low
48,201,315210,J,27,H,238,G,1081,11,9.0,,,,,,,,,,,,,2023,"Harris County, TX",48201,6-digit,315210,238000,1081000,high,medium,low
48,201,31522/,G,67,H,706,H,2942,5,,,,,,,,,,,,,,2023,"Harris County, TX",48201,5-digit,31522,706000,2942000,low,medium,medium
48,201,315220,G,67,H,706,H,2942,5,,,,,,,,,,,,,,2023,"Harris County, TX",48201,6-digit,315220,706000,2942000,low,medium,medium
48,201,31524/,H,64,G,493,G,2024,6,,,3.0,,,,,,,,,,,2023,"Harris County, TX",48201,5-digit,31524,493000,2024000,medium,low,low
48,201,315240,H,64,G,493,G,2024,6,,,3.0,,,,,,,,,,,2023,"Harris County, TX",48201,6-digit,315240,493000,2024000,medium,low,low
48,201,31528/,J,39,H,288,H,1134,7,5.0,,,,,,,,,,,,,2023,"Harris County, TX",48201,5-digit,31528,288000,1134000,high,medium,medium
48,201,315280,J,39,H,288,H,1134,7,5.0,,,,,,,,,,,,,2023,"Harris County, TX",48201,6-digit,315280,288000,1134000,high,medium,medium
48,201,3159//,H,85,G,686,G,3232,7,3.0,,,3.0,,,,,,,,,,2023,"Harris County, TX",48201,4-digit,3159,686000,3232000,medium,low,low
48,201,31599/,H,85,G,686,G,3232,7,3.0,,,3.0,,,,,,,,,,2023,"Harris County, TX",48201,5-digit,31599,686000,3232000,medium,low,low
48,201,315990,H,85,G,686,G,3232,7,3.0,,,3.0,,,,,,,,,,2023,"Harris County, TX",48201,6-digit,315990,686000,3232000,medium,low,low
48,201,316///,J,22,J,290,J,1033,5,3.0,,,,,,,,,,,,,2023,"Harris County, TX",48201,3-digit,316,290000,1033000,high,high,high
48,201,321///,H,3308,H,43294,H,186825,96,32.0,16.0,16.0,19.0,6.0,5.0,,,,,,,,2023,"Harris County, TX",48201,3-digit,321,43294000,186825000,medium,medium,medium
48,201,3211//,J,170,J,2971,J,12291,12,3.0,3.0,4.0,,,,,,,,,,,2023,"Harris County, TX",48201,4-digit,3211,2971000,12291000,high,high,high
48,201,32111/,J,170,J,2971,J,12291,12,3.0,3.0,4.0,,,,,,,,,,,2023,"Harris County, TX",48201,5-digit,32111,2971000,12291000,high,high,high
48,201,321113,J,115,J,2222,J,9149,9,,3.0,3.0,,,,,,,,,,,2023,"Harris County, TX",48201,6-digit,321113,2222000,9149000,high,high,high
48,201,321114,J,55,J,749,J,3142,3,,,,,,,,,,,,,,2023,"Harris County, TX",48201,6-digit,321114,749000,3142000,high,high,high
48,201,3212//,J,502,J,8178,J,40148,10,3.0,,,,,,,,,,,,,2023,"Harris County, TX",48201,4-digit,3212,8178000,40148000,high,high,high
48,201,32121/,J,502,J,8178,J,40148,10,3.0,,,,,,,,,,,,,2023,"Harris County, TX",48201,5-digit,32121,8178000,40148000,high,high,high
48,201,321214,J,337,J,5284,J,27860,3,,,,,,,,,,,,,,2023,"Harris County, TX",48201,6-digit,321214,5284000,27860000,high,high,high
48,201,321219,H,156,J,2751,H,11730,6,3.0,,,,,,,,,,,,,2023,"Harris County, TX",48201,6-digit,321219,2751000,11730000,medium,high,medium
48,201,3219//,G,2636,G,32145,H,134386,74,26.0,11.0,11.0,17.0,4.0,3.0,,,,,,,,2023,"Harris County, TX",48201,4-digit,3219,32145000,134386000,low,low,medium
48,201,32191/,J,1817,J,22214,J,95500,32,11.0,5.0,7.0,4.0,,3.0,,,,,,,,2023,"Harris County, TX",48201,5-digit,32191,22214000,95500000,high,high,high
48,201,321911,J,783,J,9499,J,42043,14,6.0,3.0,3.0,,,,,,,,,,,2023,"Harris County, TX",48201,6-digit,321911,9499000,42043000,high,high,high
48,201,321918,J,1029,J,12652,J,53203,16,4.0,,4.0,4.0,,,,,,,,,,2023,"Harris County, TX",48201,6-digit,321918,12652000,53203000,high,high,high
48,201,32192/,H,632,H,7818,H,29284,30,11.0,4.0,3.0,8.0,4.0,,,,,,,,,2023,"Harris County, TX",48201,5-digit,32192,7818000,29284000,medium,medium,medium
48,201,321920,H,632,H,7818,H,29284,30,11.0,4.0,3.0,8.0,4.0,,,,,,,,,2023,"Harris County, TX",48201,6-digit,321920,7818000,29284000,medium,medium,medium
48,201,32199/,J,187,J,2113,J,9602,12,4.0,,,5.0,,,,,,,,,,2023,"Harris County, TX",48201,5-digit,32199,2113000,9602000,high,high,high
48,201,321992,H,39,H,684,H,2221,3,,,,,,,,,,,,,,2023,"Harris County, TX",48201,6-digit,321992,684000,2221000,medium,medium,medium
48,201,321999,J,148,J,1429,J,7308,8,,,,4.0,,,,,,,,,,2023,"Harris County, TX",48201,6-digit,321999,1429000,7308000,high,high,high
48,201,322///,G,925,G,17830,G,71493,25,8.0,4.0,,7.0,4.0,,,,,,,,,2023,"Harris County, TX",48201,3-digit,322,17830000,71493000,low,low,low
48,201,3222//,G,925,G,17830,G,71493,25,8.0,4.0,,7.0,4.0,,,,,,,,,2023,"Harris County, TX",48201,4-digit,3222,17830000,71493000,low,low,low
48,201,32221/,G,711,G,14658,G,57235,15,4.0,,,4.0,3.0,,,,,,,,,2023,"Harris County, TX",48201,5-digit,32221,14658000,57235000,low,low,low
48,201,322211,G,595,G,13001,G,50930,11,3.0,,,3.0,,,,,,,,,,2023,"Harris County, TX",48201,6-digit,322211,13001000,50930000,low,low,low
48,201,322212,J,89,J,1177,J,4552,3,,,,,,,,,,,,,,2023,"Harris County, TX",48201,6-digit,322212,1177000,4552000,high,high,high
48,201,32222/,J,79,H,915,J,6614,4,,,,,,,,,,,,,,2023,"Harris County, TX",48201,5-digit,32222,915000,6614000,high,medium,high
48,201,322220,J,79,H,915,J,6614,4,,,,,,,,,,,,,,2023,"Harris County, TX",48201,6-digit,322220,915000,6614000,high,medium,high
48,201,32229/,H,134,H,2249,H,7611,5,,,,,,,,,,,,,,2023,"Harris County, TX",48201,5-digit,32229,2249000,7611000,medium,medium,medium
48,201,322299,G,60,H,1463,H,4440,4,,,,,,,,,,,,,,2023,"Harris County, TX",48201,6-digit,322299,1463000,4440000,low,medium,medium
48,201,323///,G,3199,G,38933,G,163917,307,172.0,65.0,38.0,23.0,5.0,,,,,,,,,2023,"Harris County, TX",48201,3-digit,323,38933000,163917000,low,low,low
48,201,3231//,G,3199,G,38933,G,163917,307,172.0,65.0,38.0,23.0,5.0,,,,,,,,,2023,"Harris County, TX",48201,4-digit,3231,38933000,163917000,low,low,low
48,201,32311/,G,3087,G,37539,G,158391,297,166.0,64.0,37.0,21.0,5.0,,,,,,,,,2023,"Harris County, TX",48201,5-digit,32311,37539000,158391000,low,low,low
48,201,323111,G,2291,G,31187,G,130036,216,122.0,42.0,27.0,17.0,5.0,,,,,,,,,2023,"Harris County, TX",48201,6-digit,323111,31187000,130036000,low,low,low
48,201,323113,H,749,H,5959,H,26673,74,43.0,17.0,9.0,4.0,,,,,,,,,,2023,"Harris County, TX",48201,6-digit,323113,5959000,26673000,medium,medium,medium
48,201,323117,H,47,G,393,G,1682,7,,5.0,,,,,,,,,,,,2023,"Harris County, TX",48201,6-digit,323117,393000,1682000,medium,low,low
48,201,32312/,G,112,G,1394,G,5526,10,6.0,,,,,,,,,,,,,2023,"Harris County, TX",48201,5-digit,32312,1394000,5526000,low,low,low
48,201,323120,G,112,G,1394,G,5526,10,6.0,,,,,,,,,,,,,2023,"Harris County, TX",48201,6-digit,323120,1394000,5526000,low,low,low
48,201,324///,H,5807,G,217801,G,683964,44,10.0,7.0,8.0,6.0,4.0,,4.0,,,,,,,2023,"Harris County, TX",48201,3-digit,324,217801000,683964000,medium,low,low
48,201,3241//,H,5807,G,217801,G,683964,44,10.0,7.0,8.0,6.0,4.0,,4.0,,,,,,,2023,"Harris County, TX",48201,4-digit,3241,217801000,683964000,medium,low,low
48,201,32411/,G,2420,G,123190,G,398644,6,,,,,,,,,,,,,,2023,"Harris County, TX",48201,5-digit,32411,123190000,398644000,low,low,low
48,201,324110,G,2420,G,123190,G,398644,6,,,,,,,,,,,,,,2023,"Harris County, TX",48201,6-digit,324110,123190000,398644000,low,low,low
48,201,32412/,H,534,H,8309,H,28569,17,6.0,3.0,5.0,,,,,,,,,,,2023,"Harris County, TX",48201,5-digit,32412,8309000,28569000,medium,medium,medium
48,201,324121,H,409,H,6103,G,20162,15,6.0,3.0,4.0,,,,,,,,,,,2023,"Harris County, TX",48201,6-digit,324121,6103000,20162000,medium,medium,low
48,201,32419/,H,2853,H,86302,G,256751,21,4.0,4.0,3.0,5.0,,,,,,,,,,2023,"Harris County, TX",48201,5-digit,32419,86302000,256751000,medium,medium,low
48,201,324191,H,2814,H,85783,G,254698,19,4.0,4.0,,4.0,,,,,,,,,,2023,"Harris County, TX",48201,6-digit,324191,85783000,254698000,medium,medium,low
48,201,325///,G,24184,G,936505,G,3253473,328,67.0,45.0,41.0,64.0,42.0,46.0,14.0,9.0,,,,,,2023,"Harris County, TX",48201,3-digit,325,936505000,3253473000,low,low,low
48,201,3251//,H,11914,H,541106,H,1859354,117,8.0,16.0,12.0,25.0,25.0,19.0,7.0,5.0,,,,,,2023,"Harris County, TX",48201,4-digit,3251,541106000,1859354000,medium,medium,medium
48,201,32511/,G,3914,G,198700,G,664068,12,,,,,,,3.0,3.0,,,,,,2023,"Harris County, TX",48201,5-digit,32511,198700000,664068000,low,low,low
48,201,325110,G,3914,G,198700,G,664068,12,,,,,,,3.0,3.0,,,,,,2023,"Harris County, TX",48201,6-digit,325110,198700000,664068000,low,low,low
48,201,32512/,H,593,G,17360,G,70765,20,5.0,3.0,3.0,3.0,5.0,,,,,,,,,2023,"Harris County, TX",48201,5-digit,32512,17360000,70765000,medium,low,low
48,201,325120,H,593,G,17360,G,70765,20,5.0,3.0,3.0,3.0,5.0,,,,,,,,,2023,"Harris County, TX",48201,6-digit,325120,17360000,70765000,medium,low,low
48,201,32518/,G,1364,G,51408,G,192027,26,,8.0,,7.0,5.0,5.0,,,,,,,,2023,"Harris County, TX",48201,5-digit,32518,51408000,192027000,low,low,low
48,201,325180,G,1364,G,51408,G,192027,26,,8.0,,7.0,5.0,5.0,,,,,,,,2023,"Harris County, TX",48201,6-digit,325180,51408000,192027000,low,low,low
48,201,32519/,H,5853,H,267959,H,909209,57,3.0,4.0,8.0,14.0,12.0,10.0,4.0,,,,,,,2023,"Harris County, TX",48201,5-digit,32519,267959000,909209000,medium,medium,medium
48,201,325199,H,5634,H,262542,H,883102,55,,4.0,8.0,14.0,12.0,9.0,4.0,,,,,,,2023,"Harris County, TX",48201,6-digit,325199,262542000,883102000,medium,medium,medium
48,201,3252//,G,5076,G,203592,G,702078,53,5.0,6.0,6.0,11.0,6.0,14.0,4.0,,,,,,,2023,"Harris County, TX",48201,4-digit,3252,203592000,702078000,low,low,low
48,201,32521/,G,5063,G,203544,G,701928,52,5.0,6.0,5.0,11.0,6.0,14.0,4.0,,,,,,,2023,"Harris County, TX",48201,5-digit,32521,203544000,701928000,low,low,low
48,201,325211,G,4094,G,173449,G,583826,42,5.0,5.0,4.0,8.0,4.0,12.0,3.0,,,,,,,2023,"Harris County, TX",48201,6-digit,325211,173449000,583826000,low,low,low
48,201,325212,G,969,G,30095,H,118102,10,,,,3.0,,,,,,,,,,2023,"Harris County, TX",48201,6-digit,325212,30095000,118102000,low,low,medium
48,201,3253//,H,671,G,18817,H,68608,12,,,,3.0,,3.0,,,,,,,,2023,"Harris County, TX",48201,4-digit,3253,18817000,68608000,medium,low,medium
48,201,32531/,H,321,H,8535,H,33053,5,,,,,,,,,,,,,,2023,"Harris County, TX",48201,5-digit,32531,8535000,33053000,medium,medium,medium
48,201,325311,J,203,J,4710,J,20527,3,,,,,,,,,,,,,,2023,"Harris County, TX",48201,6-digit,325311,4710000,20527000,high,high,high
48,201,32532/,H,350,G,10282,G,35555,7,,,,,,,,,,,,,,2023,"Harris County, TX",48201,5-digit,32532,10282000,35555000,medium,low,low
48,201,325320,H,350,G,10282,G,35555,7,,,,,,,,,,,,,,2023,"Harris County, TX",48201,6-digit,325320,10282000,35555000,medium,low,low
48,201,3254//,H,1276,H,43140,H,146349,29,15.0,4.0,3.0,3.0,3.0,,,,,,,,,2023,"Harris County, TX",48201,4-digit,3254,43140000,146349000,medium,medium,medium
48,201,32541/,H,1276,H,43140,H,146349,29,15.0,4.0,3.0,3.0,3.0,,,,,,,,,2023,"Harris County, TX",48201,5-digit,32541,43140000,146349000,medium,medium,medium
48,201,325411,G,212,H,7280,H,26053,10,6.0,,,,,,,,,,,,,2023,"Harris County, TX",48201,6-digit,325411,7280000,26053000,low,medium,medium
48,201,325412,G,149,G,3147,H,17786,13,7.0,,3.0,,,,,,,,,,,2023,"Harris County, TX",48201,6-digit,325412,3147000,17786000,low,low,medium
48,201,325413,G,16,G,344,G,1379,3,,3.0,,,,,,,,,,,,2023,"Harris County, TX",48201,6-digit,325413,344000,1379000,low,low,low
48,201,325414,J,899,J,32369,J,101131,3,,,,,,,,,,,,,,2023,"Harris County, TX",48201,6-digit,325414,32369000,101131000,high,high,high
48,201,3255//,H,2011,H,50391,H,187506,33,12.0,4.0,,9.0,,,3.0,,,,,,,2023,"Harris County, TX",48201,4-digit,3255,50391000,187506000,medium,medium,medium
48,201,32551/,G,916,G,25015,G,75539,24,12.0,3.0,,5.0,,,,,,,,,,2023,"Harris County, TX",48201,5-digit,32551,25015000,75539000,low,low,low
48,201,325510,G,916,G,25015,G,75539,24,12.0,3.0,,5.0,,,,,,,,,,2023,"Harris County, TX",48201,6-digit,325510,25015000,75539000,low,low,low
48,201,32552/,J,1095,H,25376,J,111967,9,,,,4.0,,,,,,,,,,2023,"Harris County, TX",48201,5-digit,32552,25376000,111967000,high,medium,high
48,201,325520,J,1095,H,25376,J,111967,9,,,,4.0,,,,,,,,,,2023,"Harris County, TX",48201,6-digit,325520,25376000,111967000,high,medium,high
48,201,3256//,G,1388,G,29548,G,110182,29,10.0,7.0,4.0,4.0,,,,,,,,,,2023,"Harris County, TX",48201,4-digit,3256,29548000,110182000,low,low,low
48,201,32561/,H,455,H,13987,H,46055,15,3.0,3.0,3.0,4.0,,,,,,,,,,2023,"Harris County, TX",48201,5-digit,32561,13987000,46055000,medium,medium,medium
48,201,325611,G,94,G,1325,G,5768,6,,3.0,,,,,,,,,,,,2023,"Harris County, TX",48201,6-digit,325611,1325000,5768000,low,low,low
48,201,325612,J,152,J,3338,J,13007,7,,,3.0,,,,,,,,,,,2023,"Harris County, TX",48201,6-digit,325612,3338000,13007000,high,high,high
48,201,32562/,H,933,H,15561,H,64127,14,7.0,4.0,,,,,,,,,,,,2023,"Harris County, TX",48201,5-digit,32562,15561000,64127000,medium,medium,medium
48,201,325620,H,933,H,15561,H,64127,14,7.0,4.0,,,,,,,,,,,,2023,"Harris County, TX",48201,6-digit,325620,15561000,64127000,medium,medium,medium
48,201,3259//,H,1848,H,49911,H,179396,55,16.0,7.0,12.0,9.0,3.0,8.0,,,,,,,,2023,"Harris County, TX",48201,4-digit,3259,49911000,179396000,medium,medium,medium
48,201,32599/,H,1848,H,49911,H,179396,55,16.0,7.0,12.0,9.0,3.0,8.0,,,,,,,,2023,"Harris County, TX",48201,5-digit,32599,49911000,179396000,medium,medium,medium
48,201,325991,G,460,H,7572,G,31347,13,,4.0,3.0,,,3.0,,,,,,,,2023,"Harris County, TX",48201,6-digit,325991,7572000,31347000,low,medium,low
48,201,325998,H,1386,H,42318,H,147951,41,14.0,3.0,9.0,7.0,3.0,5.0,,,,,,,,2023,"Harris County, TX",48201,6-digit,325998,42318000,147951000,medium,medium,medium
48,201,326///,G,7261,G,115526,G,467919,159,36.0,19.0,28.0,33.0,23.0,17.0,,,,,,,,2023,"Harris County, TX",48201,3-digit,326,115526000,467919000,low,low,low
48,201,3261//,G,6771,G,109756,G,445494,140,32.0,17.0,24.0,26.0,22.0,16.0,,,,,,,,2023,"Harris County, TX",48201,4-digit,3261,109756000,445494000,low,low,low
48,201,32611/,H,2599,H,35510,H,166288,31,9.0,6.0,3.0,,4.0,4.0,,,,,,,,2023,"Harris County, TX",48201,5-digit,32611,35510000,166288000,medium,medium,medium
48,201,326111,H,1264,H,14397,H,61186,12,,3.0,,,,,,,,,,,,2023,"Harris County, TX",48201,6-digit,326111,14397000,61186000,medium,medium,medium
48,201,326112,J,838,J,13411,J,51744,7,,,,,,,,,,,,,,2023,"Harris County, TX",48201,6-digit,326112,13411000,51744000,high,high,high
48,201,326113,G,497,G,7702,G,53358,12,5.0,,,,,,,,,,,,,2023,"Harris County, TX",48201,6-digit,326113,7702000,53358000,low,low,low
48,201,32612/,G,828,G,16423,G,63664,16,,,,4.0,6.0,,,,,,,,,2023,"Harris County, TX",48201,5-digit,32612,16423000,63664000,low,low,low
48,201,326121,G,205,G,3215,G,14374,5,,,,,,,,,,,,,,2023,"Harris County, TX",48201,6-digit,326121,3215000,14374000,low,low,low
48,201,326122,G,623,G,13208,G,49290,11,,,,,4.0,,,,,,,,,2023,"Harris County, TX",48201,6-digit,326122,13208000,49290000,low,low,low
48,201,32613/,J,269,J,7421,J,23455,5,,,,3.0,,,,,,,,,,2023,"Harris County, TX",48201,5-digit,32613,7421000,23455000,high,high,high
48,201,326130,J,269,J,7421,J,23455,5,,,,3.0,,,,,,,,,,2023,"Harris County, TX",48201,6-digit,326130,7421000,23455000,high,high,high
48,201,32614/,J,262,J,5392,J,25067,8,3.0,,,,,,,,,,,,,2023,"Harris County, TX",48201,5-digit,32614,5392000,25067000,high,high,high
48,201,326140,J,262,J,5392,J,25067,8,3.0,,,,,,,,,,,,,2023,"Harris County, TX",48201,6-digit,326140,5392000,25067000,high,high,high
48,201,32615/,G,329,G,5231,G,21024,13,,,4.0,3.0,3.0,,,,,,,,,2023,"Harris County, TX",48201,5-digit,32615,5231000,21024000,low,low,low
48,201,326150,G,329,G,5231,G,21024,13,,,4.0,3.0,3.0,,,,,,,,,2023,"Harris County, TX",48201,6-digit,326150,5231000,21024000,low,low,low
48,201,32616/,G,442,G,6542,G,25087,7,,,3.0,,,,,,,,,,,2023,"Harris County, TX",48201,5-digit,32616,6542000,25087000,low,low,low
48,201,326160,G,442,G,6542,G,25087,7,,,3.0,,,,,,,,,,,2023,"Harris County, TX",48201,6-digit,326160,6542000,25087000,low,low,low
48,201,32619/,G,2042,G,33237,G,120909,60,17.0,9.0,10.0,12.0,5.0,7.0,,,,,,,,2023,"Harris County, TX",48201,5-digit,32619,33237000,120909000,low,low,low
48,201,326191,J,275,J,3859,J,13909,3,,,,,,,,,,,,,,2023,"Harris County, TX",48201,6-digit,326191,3859000,13909000,high,high,high
48,201,326199,G,1767,G,29378,G,107000,57,16.0,9.0,10.0,11.0,5.0,6.0,,,,,,,,2023,"Harris County, TX",48201,6-digit,326199,29378000,107000000,low,low,low
48,201,3262//,H,490,H,5770,H,22425,19,4.0,,4.0,7.0,,,,,,,,,,2023,"Harris County, TX",48201,4-digit,3262,5770000,22425000,medium,medium,medium
48,201,32621/,J,203,H,1715,H,7281,6,,,,,,,,,,,,,,2023,"Harris County, TX",48201,5-digit,32621,1715000,7281000,high,medium,medium
48,201,326212,J,160,H,1282,H,5587,4,,,,,,,,,,,,,,2023,"Harris County, TX",48201,6-digit,326212,1282000,5587000,high,medium,medium
48,201,32622/,J,111,J,1707,J,5886,5,,,,,,,,,,,,,,2023,"Harris County, TX",48201,5-digit,32622,1707000,5886000,high,high,high
48,201,326220,J,111,J,1707,J,5886,5,,,,,,,,,,,,,,2023,"Harris County, TX",48201,6-digit,326220,1707000,5886000,high,high,high
48,201,32629/,J,176,J,2348,J,9258,8,,,,4.0,,,,,,,,,,2023,"Harris County, TX",48201,5-digit,32629,2348000,9258000,high,high,high
48,201,326299,J,134,J,1834,J,6170,7,,,,3.0,,,,,,,,,,2023,"Harris County, TX",48201,6-digit,326299,1834000,6170000,high,high,high
48,201,327///,G,5379,G,89529,G,365092,193,67.0,33.0,31.0,42.0,9.0,5.0,5.0,,,,,,,2023,"Harris County, TX",48201,3-digit,327,89529000,365092000,low,low,low
48,201,3271//,J,2,J,65,H,3031,5,5.0,,,,,,,,,,,,,2023,"Harris County, TX",48201,4-digit,3271,65000,3031000,high,high,medium
48,201,32711/,J,2,J,65,H,3031,5,5.0,,,,,,,,,,,,,2023,"Harris County, TX",48201,5-digit,32711,65000,3031000,high,high,medium
48,201,327110,J,2,J,65,H,3031,5,5.0,,,,,,,,,,,,,2023,"Harris County, TX",48201,6-digit,327110,65000,3031000,high,high,medium
48,201,3272//,J,1347,J,24079,J,93598,14,5.0,,,,,,4.0,,,,,,,2023,"Harris County, TX",48201,4-digit,3272,24079000,93598000,high,high,high
48,201,32721/,J,1347,J,24079,J,93598,14,5.0,,,,,,4.0,,,,,,,2023,"Harris County, TX",48201,5-digit,32721,24079000,93598000,high,high,high
48,201,327212,G,131,G,1807,H,10322,3,,,,,,,,,,,,,,2023,"Harris County, TX",48201,6-digit,327212,1807000,10322000,low,low,medium
48,201,327215,J,656,H,8009,H,33723,8,3.0,,,,,,,,,,,,,2023,"Harris County, TX",48201,6-digit,327215,8009000,33723000,high,medium,medium
48,201,3273//,H,1965,H,36176,H,156308,111,38.0,18.0,17.0,32.0,3.0,3.0,,,,,,,,2023,"Harris County, TX",48201,4-digit,3273,36176000,156308000,medium,medium,medium
48,201,32732/,H,1002,H,22562,H,96529,88,37.0,12.0,16.0,23.0,,,,,,,,,,2023,"Harris County, TX",48201,5-digit,32732,22562000,96529000,medium,medium,medium
48,201,327320,H,1002,H,22562,H,96529,88,37.0,12.0,16.0,23.0,,,,,,,,,,2023,"Harris County, TX",48201,6-digit,327320,22562000,96529000,medium,medium,medium
48,201,32733/,G,206,G,2873,G,11460,8,,,,4.0,,,,,,,,,,2023,"Harris County, TX",48201,5-digit,32733,2873000,11460000,low,low,low
48,201,327331,G,132,G,1919,G,7856,5,,,,4.0,,,,,,,,,,2023,"Harris County, TX",48201,6-digit,327331,1919000,7856000,low,low,low
48,201,327332,H,74,H,954,H,3604,3,,,,,,,,,,,,,,2023,"Harris County, TX",48201,6-digit,327332,954000,3604000,medium,medium,medium
48,201,32739/,J,757,J,10741,J,48319,15,,5.0,,5.0,,3.0,,,,,,,,2023,"Harris County, TX",48201,5-digit,32739,10741000,48319000,high,high,high
48,201,327390,J,757,J,10741,J,48319,15,,5.0,,5.0,,3.0,,,,,,,,2023,"Harris County, TX",48201,6-digit,327390,10741000,48319000,high,high,high
48,201,3274//,H,261,H,6068,H,22202,7,4.0,,,,,,,,,,,,,2023,"Harris County, TX",48201,4-digit,3274,6068000,22202000,medium,medium,medium
48,201,32742/,H,196,J,4821,J,17190,5,4.0,,,,,,,,,,,,,2023,"Harris County, TX",48201,5-digit,32742,4821000,17190000,medium,high,high
48,201,327420,H,196,J,4821,J,17190,5,4.0,,,,,,,,,,,,,2023,"Harris County, TX",48201,6-digit,327420,4821000,17190000,medium,high,high
48,201,3279//,G,1804,G,23141,G,89953,56,15.0,13.0,13.0,7.0,5.0,,,,,,,,,2023,"Harris County, TX",48201,4-digit,3279,23141000,89953000,low,low,low
48,201,32791/,J,16,H,312,H,1376,3,,,,,,,,,,,,,,2023,"Harris County, TX",48201,5-digit,32791,312000,1376000,high,medium,medium
48,201,327910,J,16,H,312,H,1376,3,,,,,,,,,,,,,,2023,"Harris County, TX",48201,6-digit,327910,312000,1376000,high,medium,medium
48,201,32799/,G,1788,G,22829,G,88577,53,14.0,12.0,12.0,7.0,5.0,,,,,,,,,2023,"Harris County, TX",48201,5-digit,32799,22829000,88577000,low,low,low
48,201,327991,H,567,H,7588,H,29427,24,7.0,8.0,3.0,,3.0,,,,,,,,,2023,"Harris County, TX",48201,6-digit,327991,7588000,29427000,medium,medium,medium
48,201,327992,J,78,H,1157,H,5081,8,4.0,,,,,,,,,,,,,2023,"Harris County, TX",48201,6-digit,327992,1157000,5081000,high,medium,medium
48,201,327993,G,942,G,10911,G,40115,8,,,,,,,,,,,,,,2023,"Harris County, TX",48201,6-digit,327993,10911000,40115000,low,low,low
48,201,327999,J,201,H,3173,H,13954,13,,,5.0,3.0,,,,,,,,,,2023,"Harris County, TX",48201,6-digit,327999,3173000,13954000,high,medium,medium
48,201,331///,G,3794,G,71148,G,301367,58,17.0,7.0,3.0,15.0,5.0,7.0,3.0,,,,,,,2023,"Harris County, TX",48201,3-digit,331,71148000,301367000,low,low,low
48,201,3311//,H,172,G,3308,G,14520,11,6.0,,,4.0,,,,,,,,,,2023,"Harris County, TX",48201,4-digit,3311,3308000,14520000,medium,low,low
48,201,33111/,H,172,G,3308,G,14520,11,6.0,,,4.0,,,,,,,,,,2023,"Harris County, TX",48201,5-digit,33111,3308000,14520000,medium,low,low
48,201,331110,H,172,G,3308,G,14520,11,6.0,,,4.0,,,,,,,,,,2023,"Harris County, TX",48201,6-digit,331110,3308000,14520000,medium,low,low
48,201,3312//,G,3072,G,57181,G,243807,26,5.0,,,5.0,4.0,5.0,3.0,,,,,,,2023,"Harris County, TX",48201,4-digit,3312,57181000,243807000,low,low,low
48,201,33121/,H,2179,G,41559,G,172232,17,4.0,,,3.0,,4.0,,,,,,,,2023,"Harris County, TX",48201,5-digit,33121,41559000,172232000,medium,low,low
48,201,331210,H,2179,G,41559,G,172232,17,4.0,,,3.0,,4.0,,,,,,,,2023,"Harris County, TX",48201,6-digit,331210,41559000,172232000,medium,low,low
48,201,33122/,H,893,H,15622,H,71575,9,,,,,,,,,,,,,,2023,"Harris County, TX",48201,5-digit,33122,15622000,71575000,medium,medium,medium
48,201,331221,H,660,H,12279,H,58704,5,,,,,,,,,,,,,,2023,"Harris County, TX",48201,6-digit,331221,12279000,58704000,medium,medium,medium
48,201,331222,H,233,H,3343,H,12871,4,,,,,,,,,,,,,,2023,"Harris County, TX",48201,6-digit,331222,3343000,12871000,medium,medium,medium
48,201,3313//,J,42,H,623,H,2706,5,3.0,,,,,,,,,,,,,2023,"Harris County, TX",48201,4-digit,3313,623000,2706000,high,medium,medium
48,201,33131/,J,42,H,623,H,2706,5,3.0,,,,,,,,,,,,,2023,"Harris County, TX",48201,5-digit,33131,623000,2706000,high,medium,medium
48,201,3314//,G,463,G,9542,G,38194,14,3.0,3.0,,3.0,,,,,,,,,,2023,"Harris County, TX",48201,4-digit,3314,9542000,38194000,low,low,low
48,201,33142/,J,165,J,3618,J,13660,4,,,,,,,,,,,,,,2023,"Harris County, TX",48201,5-digit,33142,3618000,13660000,high,high,high
48,201,331420,J,165,J,3618,J,13660,4,,,,,,,,,,,,,,2023,"Harris County, TX",48201,6-digit,331420,3618000,13660000,high,high,high
48,201,33149/,H,298,H,5924,H,24534,10,3.0,,,,,,,,,,,,,2023,"Harris County, TX",48201,5-digit,33149,5924000,24534000,medium,medium,medium
48,201,331491,J,52,J,819,J,3478,4,,,,,,,,,,,,,,2023,"Harris County, TX",48201,6-digit,331491,819000,3478000,high,high,high
48,201,331492,J,246,J,5105,J,21056,6,,,,,,,,,,,,,,2023,"Harris County, TX",48201,6-digit,331492,5105000,21056000,high,high,high
48,201,332///,G,36243,G,665842,G,2754315,1193,369.0,198.0,222.0,212.0,110.0,58.0,20.0,4.0,,,,,,2023,"Harris County, TX",48201,3-digit,332,665842000,2754315000,low,low,low
48,201,3321//,G,1788,G,38282,H,149547,35,8.0,4.0,7.0,5.0,5.0,4.0,,,,,,,,2023,"Harris County, TX",48201,4-digit,3321,38282000,149547000,low,low,medium
48,201,33211/,G,1788,G,38282,H,149547,35,8.0,4.0,7.0,5.0,5.0,4.0,,,,,,,,2023,"Harris County, TX",48201,5-digit,33211,38282000,149547000,low,low,medium
48,201,332111,G,984,G,19349,H,82659,12,3.0,,3.0,,,,,,,,,,,2023,"Harris County, TX",48201,6-digit,332111,19349000,82659000,low,low,medium
48,201,332114,H,641,G,16174,G,53022,15,4.0,3.0,,,4.0,,,,,,,,,2023,"Harris County, TX",48201,6-digit,332114,16174000,53022000,medium,low,low
48,201,332119,J,146,J,2551,H,12977,7,,,,3.0,,,,,,,,,,2023,"Harris County, TX",48201,6-digit,332119,2551000,12977000,high,high,medium
48,201,3322//,J,65,J,1060,J,4666,6,4.0,,,,,,,,,,,,,2023,"Harris County, TX",48201,4-digit,3322,1060000,4666000,high,high,high
48,201,33221/,J,65,J,1060,J,4666,6,4.0,,,,,,,,,,,,,2023,"Harris County, TX",48201,5-digit,33221,1060000,4666000,high,high,high
48,201,332216,J,65,J,1060,J,4666,6,4.0,,,,,,,,,,,,,2023,"Harris County, TX",48201,6-digit,332216,1060000,4666000,high,high,high
48,201,3323//,G,10270,G,177285,G,758326,271,79.0,28.0,52.0,65.0,24.0,14.0,7.0,,,,,,,2023,"Harris County, TX",48201,4-digit,3323,177285000,758326000,low,low,low
48,201,33231/,G,6264,G,119756,G,513657,140,40.0,13.0,28.0,31.0,13.0,7.0,7.0,,,,,,,2023,"Harris County, TX",48201,5-digit,33231,119756000,513657000,low,low,low
48,201,332311,G,2050,G,47070,G,191185,21,7.0,,,4.0,,,3.0,,,,,,,2023,"Harris County, TX",48201,6-digit,332311,47070000,191185000,low,low,low
48,201,332312,G,2979,G,52211,G,235944,85,25.0,8.0,20.0,15.0,11.0,3.0,3.0,,,,,,,2023,"Harris County, TX",48201,6-digit,332312,52211000,235944000,low,low,low
48,201,332313,H,1235,H,20475,H,86528,34,8.0,4.0,6.0,12.0,,,,,,,,,,2023,"Harris County, TX",48201,6-digit,332313,20475000,86528000,medium,medium,medium
48,201,33232/,G,4006,G,57529,G,244669,131,39.0,15.0,24.0,34.0,11.0,7.0,,,,,,,,2023,"Harris County, TX",48201,5-digit,33232,57529000,244669000,low,low,low
48,201,332321,G,716,G,11137,G,44098,15,,4.0,,,,3.0,,,,,,,,2023,"Harris County, TX",48201,6-digit,332321,11137000,44098000,low,low,low
48,201,332322,G,2459,G,32334,G,140114,77,22.0,8.0,17.0,19.0,8.0,,,,,,,,,2023,"Harris County, TX",48201,6-digit,332322,32334000,140114000,low,low,low
48,201,332323,G,831,H,14058,G,60457,39,15.0,3.0,5.0,13.0,,,,,,,,,,2023,"Harris County, TX",48201,6-digit,332323,14058000,60457000,low,medium,low
48,201,3324//,G,1989,G,41146,G,173217,50,9.0,4.0,9.0,14.0,9.0,5.0,,,,,,,,2023,"Harris County, TX",48201,4-digit,3324,41146000,173217000,low,low,low
48,201,33241/,H,282,H,7375,H,30508,7,,,,,,,,,,,,,,2023,"Harris County, TX",48201,5-digit,33241,7375000,30508000,medium,medium,medium
48,201,332410,H,282,H,7375,H,30508,7,,,,,,,,,,,,,,2023,"Harris County, TX",48201,6-digit,332410,7375000,30508000,medium,medium,medium
48,201,33242/,G,1202,G,23518,G,103564,33,5.0,,8.0,10.0,6.0,,,,,,,,,2023,"Harris County, TX",48201,5-digit,33242,23518000,103564000,low,low,low
48,201,332420,G,1202,G,23518,G,103564,33,5.0,,8.0,10.0,6.0,,,,,,,,,2023,"Harris County, TX",48201,6-digit,332420,23518000,103564000,low,low,low
48,201,33243/,G,505,H,10253,H,39145,10,,,,,,,,,,,,,,2023,"Harris County, TX",48201,5-digit,33243,10253000,39145000,low,medium,medium
48,201,332439,G,505,H,10253,H,39145,10,,,,,,,,,,,,,,2023,"Harris County, TX",48201,6-digit,332439,10253000,39145000,low,medium,medium
48,201,3325//,J,104,J,1124,J,4264,3,,,,,,,,,,,,,,2023,"Harris County, TX",48201,4-digit,3325,1124000,4264000,high,high,high
48,201,33251/,J,104,J,1124,J,4264,3,,,,,,,,,,,,,,2023,"Harris County, TX",48201,5-digit,33251,1124000,4264000,high,high,high
48,201,332510,J,104,J,1124,J,4264,3,,,,,,,,,,,,,,2023,"Harris County, TX",48201,6-digit,332510,1124000,4264000,high,high,high
48,201,3326//,G,901,G,14798,G,66470,22,3.0,3.0,4.0,,9.0,,,,,,,,,2023,"Harris County, TX",48201,4-digit,3326,14798000,66470000,low,low,low
48,201,33261/,G,901,G,14798,G,66470,22,3.0,3.0,4.0,,9.0,,,,,,,,,2023,"Harris County, TX",48201,5-digit,33261,14798000,66470000,low,low,low
48,201,332613,H,511,H,8488,H,36619,9,,,3.0,,4.0,,,,,,,,,2023,"Harris County, TX",48201,6-digit,332613,8488000,36619000,medium,medium,medium
48,201,332618,G,390,G,6310,G,29851,13,,3.0,,,5.0,,,,,,,,,2023,"Harris County, TX",48201,6-digit,332618,6310000,29851000,low,low,low
48,201,3327//,G,7839,G,130843,G,556448,462,169.0,99.0,92.0,68.0,22.0,9.0,3.0,,,,,,,2023,"Harris County, TX",48201,4-digit,3327,130843000,556448000,low,low,low
48,201,33271/,G,4867,G,81673,G,346651,368,143.0,84.0,73.0,52.0,12.0,3.0,,,,,,,,2023,"Harris County, TX",48201,5-digit,33271,81673000,346651000,low,low,low
48,201,332710,G,4867,G,81673,G,346651,368,143.0,84.0,73.0,52.0,12.0,3.0,,,,,,,,2023,"Harris County, TX",48201,6-digit,332710,81673000,346651000,low,low,low
48,201,33272/,G,2972,G,49170,G,209797,94,26.0,15.0,19.0,16.0,10.0,6.0,,,,,,,,2023,"Harris County, TX",48201,5-digit,33272,49170000,209797000,low,low,low
48,201,332721,G,1704,G,30414,G,130511,68,18.0,13.0,15.0,13.0,7.0,,,,,,,,,2023,"Harris County, TX",48201,6-digit,332721,30414000,130511000,low,low,low
48,201,332722,G,1268,H,18756,G,79286,26,8.0,,4.0,3.0,3.0,5.0,,,,,,,,2023,"Harris County, TX",48201,6-digit,332722,18756000,79286000,low,medium,low
48,201,3328//,G,4436,G,75070,G,304703,129,42.0,26.0,16.0,18.0,16.0,9.0,,,,,,,,2023,"Harris County, TX",48201,4-digit,3328,75070000,304703000,low,low,low
48,201,33281/,G,4436,G,75070,G,304703,129,42.0,26.0,16.0,18.0,16.0,9.0,,,,,,,,2023,"Harris County, TX",48201,5-digit,33281,75070000,304703000,low,low,low
48,201,332811,G,1746,G,34215,G,131239,23,6.0,4.0,,3.0,3.0,3.0,,,,,,,,2023,"Harris County, TX",48201,6-digit,332811,34215000,131239000,low,low,low
48,201,332812,G,1720,G,25935,G,108827,62,18.0,13.0,8.0,9.0,12.0,,,,,,,,,2023,"Harris County, TX",48201,6-digit,332812,25935000,108827000,low,low,low
48,201,332813,G,970,G,14920,G,64637,44,18.0,9.0,6.0,6.0,,4.0,,,,,,,,2023,"Harris County, TX",48201,6-digit,332813,14920000,64637000,low,low,low
48,201,3329//,G,8851,G,186234,G,736674,215,53.0,33.0,42.0,40.0,24.0,15.0,7.0,,,,,,,2023,"Harris County, TX",48201,4-digit,3329,186234000,736674000,low,low,low
48,201,33291/,G,3857,G,95308,G,366857,88,19.0,13.0,14.0,21.0,11.0,7.0,3.0,,,,,,,2023,"Harris County, TX",48201,5-digit,33291,95308000,366857000,low,low,low
48,201,332911,H,1986,H,46756,H,190364,47,12.0,8.0,9.0,9.0,3.0,4.0,,,,,,,,2023,"Harris County, TX",48201,6-digit,332911,46756000,190364000,medium,medium,medium
48,201,332912,G,471,G,9708,G,40234,13,3.0,,,3.0,,,,,,,,,,2023,"Harris County, TX",48201,6-digit,332912,9708000,40234000,low,low,low
48,201,332919,G,1397,H,38810,H,136115,26,,3.0,3.0,9.0,6.0,,,,,,,,,2023,"Harris County, TX",48201,6-digit,332919,38810000,136115000,low,medium,medium
48,201,33299/,G,4994,G,90926,G,369817,127,34.0,20.0,28.0,19.0,13.0,8.0,4.0,,,,,,,2023,"Harris County, TX",48201,5-digit,33299,90926000,369817000,low,low,low
48,201,332992,H,28,H,280,H,1090,3,,,,,,,,,,,,,,2023,"Harris County, TX",48201,6-digit,332992,280000,1090000,medium,medium,medium
48,201,332994,J,84,J,1275,J,5670,5,4.0,,,,,,,,,,,,,2023,"Harris County, TX",48201,6-digit,332994,1275000,5670000,high,high,high
48,201,332996,G,3516,G,74696,G,292894,50,5.0,7.0,8.0,8.0,10.0,8.0,4.0,,,,,,,2023,"Harris County, TX",48201,6-digit,332996,74696000,292894000,low,low,low
48,201,332999,H,1353,G,14368,G,68391,67,24.0,12.0,17.0,11.0,,,,,,,,,,2023,"Harris County, TX",48201,6-digit,332999,14368000,68391000,medium,low,low
48,201,333///,G,24850,G,510860,G,2014460,389,102.0,62.0,65.0,77.0,30.0,35.0,11.0,5.0,,,,,,2023,"Harris County, TX",48201,3-digit,333,510860000,2014460000,low,low,low
48,201,3331//,G,10163,G,274507,G,997446,132,30.0,16.0,22.0,25.0,10.0,16.0,8.0,5.0,,,,,,2023,"Harris County, TX",48201,4-digit,3331,274507000,997446000,low,low,low
48,201,33311/,G,50,G,745,G,3069,4,,,,,,,,,,,,,,2023,"Harris County, TX",48201,5-digit,33311,745000,3069000,low,low,low
48,201,333111,G,50,G,745,G,3069,4,,,,,,,,,,,,,,2023,"Harris County, TX",48201,6-digit,333111,745000,3069000,low,low,low
48,201,33312/,H,104,H,1715,H,6906,5,3.0,,,,,,,,,,,,,2023,"Harris County, TX",48201,5-digit,33312,1715000,6906000,medium,medium,medium
48,201,333120,H,104,H,1715,H,6906,5,3.0,,,,,,,,,,,,,2023,"Harris County, TX",48201,6-digit,333120,1715000,6906000,medium,medium,medium
48,201,33313/,G,10009,G,272047,G,987471,123,25.0,16.0,21.0,23.0,9.0,16.0,8.0,5.0,,,,,,2023,"Harris County, TX",48201,5-digit,33313,272047000,987471000,low,low,low
48,201,333131,G,99,G,2253,G,9598,6,,,,,,,,,,,,,,2023,"Harris County, TX",48201,6-digit,333131,2253000,9598000,low,low,low
48,201,333132,G,9910,G,269794,G,977873,117,23.0,16.0,19.0,21.0,9.0,16.0,8.0,5.0,,,,,,2023,"Harris County, TX",48201,6-digit,333132,269794000,977873000,low,low,low
48,201,3332//,H,215,G,2552,G,11594,20,10.0,4.0,3.0,,,,,,,,,,,2023,"Harris County, TX",48201,4-digit,3332,2552000,11594000,medium,low,low
48,201,33324/,H,215,G,2552,G,11594,20,10.0,4.0,3.0,,,,,,,,,,,2023,"Harris County, TX",48201,5-digit,33324,2552000,11594000,medium,low,low
48,201,333243,H,72,H,856,G,3829,3,,,,,,,,,,,,,,2023,"Harris County, TX",48201,6-digit,333243,856000,3829000,medium,medium,low
48,201,333249,J,137,H,1631,H,7445,15,8.0,3.0,,,,,,,,,,,,2023,"Harris County, TX",48201,6-digit,333249,1631000,7445000,high,medium,medium
48,201,3333//,H,442,H,7476,H,29809,15,3.0,7.0,,,,,,,,,,,,2023,"Harris County, TX",48201,4-digit,3333,7476000,29809000,medium,medium,medium
48,201,33331/,H,442,H,7476,H,29809,15,3.0,7.0,,,,,,,,,,,,2023,"Harris County, TX",48201,5-digit,33331,7476000,29809000,medium,medium,medium
48,201,333318,H,440,H,7451,H,29723,14,,7.0,,,,,,,,,,,,2023,"Harris County, TX",48201,6-digit,333318,7451000,29723000,medium,medium,medium
48,201,3334//,H,6767,H,60150,H,279678,32,5.0,4.0,7.0,6.0,3.0,6.0,,,,,,,,2023,"Harris County, TX",48201,4-digit,3334,60150000,279678000,medium,medium,medium
48,201,33341/,H,6767,H,60150,H,279678,32,5.0,4.0,7.0,6.0,3.0,6.0,,,,,,,,2023,"Harris County, TX",48201,5-digit,33341,60150000,279678000,medium,medium,medium
48,201,333413,G,526,G,6077,G,26621,9,,,4.0,,,3.0,,,,,,,,2023,"Harris County, TX",48201,6-digit,333413,6077000,26621000,low,low,low
48,201,333414,H,47,H,841,G,4647,6,4.0,,,,,,,,,,,,,2023,"Harris County, TX",48201,6-digit,333414,841000,4647000,medium,medium,low
48,201,333415,H,6194,H,53232,H,248410,17,,3.0,,4.0,3.0,3.0,,,,,,,,2023,"Harris County, TX",48201,6-digit,333415,53232000,248410000,medium,medium,medium
48,201,3335//,H,546,G,8058,H,36895,48,22.0,10.0,9.0,6.0,,,,,,,,,,2023,"Harris County, TX",48201,4-digit,3335,8058000,36895000,medium,low,medium
48,201,33351/,H,546,G,8058,H,36895,48,22.0,10.0,9.0,6.0,,,,,,,,,,2023,"Harris County, TX",48201,5-digit,33351,8058000,36895000,medium,low,medium
48,201,333511,J,50,J,790,J,3535,4,3.0,,,,,,,,,,,,,2023,"Harris County, TX",48201,6-digit,333511,790000,3535000,high,high,high
48,201,333514,H,104,H,1600,H,7889,10,4.0,,,,,,,,,,,,,2023,"Harris County, TX",48201,6-digit,333514,1600000,7889000,medium,medium,medium
48,201,333515,J,200,J,2533,J,12096,12,7.0,,,,,,,,,,,,,2023,"Harris County, TX",48201,6-digit,333515,2533000,12096000,high,high,high
48,201,333517,H,165,G,2805,G,12028,20,7.0,6.0,6.0,,,,,,,,,,,2023,"Harris County, TX",48201,6-digit,333517,2805000,12028000,medium,low,low
48,201,3336//,G,1212,H,27881,H,113419,20,5.0,3.0,,3.0,5.0,,,,,,,,,2023,"Harris County, TX",48201,4-digit,3336,27881000,113419000,low,medium,medium
48,201,33361/,G,1212,H,27881,H,113419,20,5.0,3.0,,3.0,5.0,,,,,,,,,2023,"Harris County, TX",48201,5-digit,33361,27881000,113419000,low,medium,medium
48,201,333611,G,1006,H,22885,H,92903,11,,,,,4.0,,,,,,,,,2023,"Harris County, TX",48201,6-digit,333611,22885000,92903000,low,medium,medium
48,201,333613,J,152,J,2899,J,11843,7,,,,,,,,,,,,,,2023,"Harris County, TX",48201,6-digit,333613,2899000,11843000,high,high,high
48,201,3339//,H,5505,H,130236,H,545619,122,27.0,18.0,21.0,34.0,10.0,9.0,,,,,,,,2023,"Harris County, TX",48201,4-digit,3339,130236000,545619000,medium,medium,medium
48,201,33391/,G,2436,G,67523,G,255216,49,11.0,4.0,8.0,14.0,4.0,6.0,,,,,,,,2023,"Harris County, TX",48201,5-digit,33391,67523000,255216000,low,low,low
48,201,333912,G,1329,H,43470,G,152829,12,,,,4.0,,,,,,,,,,2023,"Harris County, TX",48201,6-digit,333912,43470000,152829000,low,medium,low
48,201,333914,G,1107,G,24053,G,102387,37,9.0,4.0,8.0,10.0,,4.0,,,,,,,,2023,"Harris County, TX",48201,6-digit,333914,24053000,102387000,low,low,low
48,201,33392/,H,1703,H,30596,H,171430,14,3.0,3.0,,3.0,,,,,,,,,,2023,"Harris County, TX",48201,5-digit,33392,30596000,171430000,medium,medium,medium
48,201,333922,H,41,H,672,J,5864,4,,,,,,,,,,,,,,2023,"Harris County, TX",48201,6-digit,333922,672000,5864000,medium,medium,high
48,201,333923,H,448,G,6425,G,24306,8,,,,,,,,,,,,,,2023,"Harris County, TX",48201,6-digit,333923,6425000,24306000,medium,low,low
48,201,33399/,H,1366,H,32117,G,118973,59,13.0,11.0,12.0,17.0,4.0,,,,,,,,,2023,"Harris County, TX",48201,5-digit,33399,32117000,118973000,medium,medium,low
48,201,333991,H,45,H,617,H,2263,3,,,,,,,,,,,,,,2023,"Harris County, TX",48201,6-digit,333991,617000,2263000,medium,medium,medium
48,201,333992,G,113,G,2457,G,11205,6,,,,,,,,,,,,,,2023,"Harris County, TX",48201,6-digit,333992,2457000,11205000,low,low,low
48,201,333993,H,131,G,1973,G,8393,8,3.0,,,,,,,,,,,,,2023,"Harris County, TX",48201,6-digit,333993,1973000,8393000,medium,low,low
48,201,333994,J,18,G,319,H,1406,3,,,,,,,,,,,,,,2023,"Harris County, TX",48201,6-digit,333994,319000,1406000,high,low,medium
48,201,333995,J,274,J,8925,H,23331,4,,,,3.0,,,,,,,,,,2023,"Harris County, TX",48201,6-digit,333995,8925000,23331000,high,high,medium
48,201,333996,H,140,H,5538,H,21118,5,,,,3.0,,,,,,,,,,2023,"Harris County, TX",48201,6-digit,333996,5538000,21118000,medium,medium,medium
48,201,333999,G,631,G,12165,G,50678,28,5.0,6.0,7.0,7.0,,,,,,,,,,2023,"Harris County, TX",48201,6-digit,333999,12165000,50678000,low,low,low
48,201,334///,H,8528,H,228762,H,876455,174,66.0,17.0,27.0,33.0,7.0,16.0,5.0,,,,,,,2023,"Harris County, TX",48201,3-digit,334,228762000,876455000,medium,medium,medium
48,201,3341//,J,294,J,9981,J,46017,5,,,,,,,,,,,,,,2023,"Harris County, TX",48201,4-digit,3341,9981000,46017000,high,high,high
48,201,33411/,J,294,J,9981,J,46017,5,,,,,,,,,,,,,,2023,"Harris County, TX",48201,5-digit,33411,9981000,46017000,high,high,high
48,201,334111,J,254,J,9575,J,44448,3,,,,,,,,,,,,,,2023,"Harris County, TX",48201,6-digit,334111,9575000,44448000,high,high,high
48,201,3342//,J,1003,J,18521,J,71219,12,6.0,,,,,,,,,,,,,2023,"Harris County, TX",48201,4-digit,3342,18521000,71219000,high,high,high
48,201,33422/,J,972,J,17768,J,68210,8,4.0,,,,,,,,,,,,,2023,"Harris County, TX",48201,5-digit,33422,17768000,68210000,high,high,high
48,201,334220,J,972,J,17768,J,68210,8,4.0,,,,,,,,,,,,,2023,"Harris County, TX",48201,6-digit,334220,17768000,68210000,high,high,high
48,201,33429/,H,28,G,654,G,2423,3,,,,,,,,,,,,,,2023,"Harris County, TX",48201,5-digit,33429,654000,2423000,medium,low,low
48,201,334290,H,28,G,654,G,2423,3,,,,,,,,,,,,,,2023,"Harris County, TX",48201,6-digit,334290,654000,2423000,medium,low,low
48,201,3343//,J,8,G,111,H,265,5,5.0,,,,,,,,,,,,,2023,"Harris County, TX",48201,4-digit,3343,111000,265000,high,low,medium
48,201,33431/,J,8,G,111,H,265,5,5.0,,,,,,,,,,,,,2023,"Harris County, TX",48201,5-digit,33431,111000,265000,high,low,medium
48,201,334310,J,8,G,111,H,265,5,5.0,,,,,,,,,,,,,2023,"Harris County, TX",48201,6-digit,334310,111000,265000,high,low,medium
48,201,3344//,J,961,J,15025,J,60465,27,11.0,3.0,4.0,5.0,,4.0,,,,,,,,2023,"Harris County, TX",48201,4-digit,3344,15025000,60465000,high,high,high
48,201,33441/,J,961,J,15025,J,60465,27,11.0,3.0,4.0,5.0,,4.0,,,,,,,,2023,"Harris County, TX",48201,5-digit,33441,15025000,60465000,high,high,high
48,201,334413,H,22,J,345,J,1575,3,,,,,,,,,,,,,,2023,"Harris County, TX",48201,6-digit,334413,345000,1575000,medium,high,high
48,201,334416,G,87,G,775,G,3555,3,,,,,,,,,,,,,,2023,"Harris County, TX",48201,6-digit,334416,775000,3555000,low,low,low
48,201,334418,H,296,H,4815,H,17703,7,,,,3.0,,,,,,,,,,2023,"Harris County, TX",48201,6-digit,334418,4815000,17703000,medium,medium,medium
48,201,334419,J,316,J,4016,J,16852,11,6.0,,,,,,,,,,,,,2023,"Harris County, TX",48201,6-digit,334419,4016000,16852000,high,high,high
48,201,3345//,H,6210,H,184403,H,696987,122,42.0,13.0,20.0,23.0,7.0,11.0,4.0,,,,,,,2023,"Harris County, TX",48201,4-digit,3345,184403000,696987000,medium,medium,medium
48,201,33451/,H,6210,H,184403,H,696987,122,42.0,13.0,20.0,23.0,7.0,11.0,4.0,,,,,,,2023,"Harris County, TX",48201,5-digit,33451,184403000,696987000,medium,medium,medium
48,201,334510,J,1340,J,49705,J,216586,11,3.0,,4.0,,,,,,,,,,,2023,"Harris County, TX",48201,6-digit,334510,49705000,216586000,high,high,high
48,201,334511,H,20,H,593,H,2296,5,3.0,,,,,,,,,,,,,2023,"Harris County, TX",48201,6-digit,334511,593000,2296000,medium,medium,medium
48,201,334512,J,86,J,1476,J,6468,4,,,,,,,,,,,,,,2023,"Harris County, TX",48201,6-digit,334512,1476000,6468000,high,high,high
48,201,334513,H,1479,G,39806,G,137771,46,13.0,5.0,9.0,11.0,4.0,4.0,,,,,,,,2023,"Harris County, TX",48201,6-digit,334513,39806000,137771000,medium,low,low
48,201,334514,G,802,H,21964,H,79165,5,,,,,,,,,,,,,,2023,"Harris County, TX",48201,6-digit,334514,21964000,79165000,low,medium,medium
48,201,334515,H,129,H,1658,H,7198,6,3.0,,,,,,,,,,,,,2023,"Harris County, TX",48201,6-digit,334515,1658000,7198000,medium,medium,medium
48,201,334516,H,627,G,18188,G,71970,12,5.0,,,,,,,,,,,,,2023,"Harris County, TX",48201,6-digit,334516,18188000,71970000,medium,low,low
48,201,334519,H,1727,H,51013,H,175533,33,14.0,4.0,,6.0,,3.0,,,,,,,,2023,"Harris County, TX",48201,6-digit,334519,51013000,175533000,medium,medium,medium
48,201,3346//,G,52,H,721,H,1502,3,,,,,,,,,,,,,,2023,"Harris County, TX",48201,4-digit,3346,721000,1502000,low,medium,medium
48,201,33461/,G,52,H,721,H,1502,3,,,,,,,,,,,,,,2023,"Harris County, TX",48201,5-digit,33461,721000,1502000,low,medium,medium
48,201,335///,G,4966,G,109686,G,451271,105,32.0,13.0,17.0,26.0,9.0,4.0,,,,,,,,2023,"Harris County, TX",48201,3-digit,335,109686000,451271000,low,low,low
48,201,3351//,H,280,J,5068,J,18142,16,9.0,,,3.0,,,,,,,,,,2023,"Harris County, TX",48201,4-digit,3351,5068000,18142000,medium,high,high
48,201,33512/,H,280,J,5068,J,18142,16,9.0,,,3.0,,,,,,,,,,2023,"Harris County, TX",48201,5-digit,33512,5068000,18142000,medium,high,high
48,201,335121,J,9,J,95,J,423,3,,,,,,,,,,,,,,2023,"Harris County, TX",48201,6-digit,335121,95000,423000,high,high,high
48,201,335122,G,126,H,1960,H,7543,8,4.0,,,,,,,,,,,,,2023,"Harris County, TX",48201,6-digit,335122,1960000,7543000,low,medium,medium
48,201,335129,J,145,J,3013,J,10176,5,3.0,,,,,,,,,,,,,2023,"Harris County, TX",48201,6-digit,335129,3013000,10176000,high,high,high
48,201,3352//,J,39,J,623,J,2855,6,3.0,,,,,,,,,,,,,2023,"Harris County, TX",48201,4-digit,3352,623000,2855000,high,high,high
48,201,33521/,J,21,J,440,J,2113,3,,,,,,,,,,,,,,2023,"Harris County, TX",48201,5-digit,33521,440000,2113000,high,high,high
48,201,335210,J,21,J,440,J,2113,3,,,,,,,,,,,,,,2023,"Harris County, TX",48201,6-digit,335210,440000,2113000,high,high,high
48,201,33522/,J,18,G,183,H,742,3,,,,,,,,,,,,,,2023,"Harris County, TX",48201,5-digit,33522,183000,742000,high,low,medium
48,201,335220,J,18,G,183,H,742,3,,,,,,,,,,,,,,2023,"Harris County, TX",48201,6-digit,335220,183000,742000,high,low,medium
48,201,3353//,H,2873,G,67662,G,284204,50,10.0,6.0,11.0,12.0,6.0,3.0,,,,,,,,2023,"Harris County, TX",48201,4-digit,3353,67662000,284204000,medium,low,low
48,201,33531/,H,2873,G,67662,G,284204,50,10.0,6.0,11.0,12.0,6.0,3.0,,,,,,,,2023,"Harris County, TX",48201,5-digit,33531,67662000,284204000,medium,low,low
48,201,335311,H,365,H,6640,H,29843,7,,,,,,,,,,,,,,2023,"Harris County, TX",48201,6-digit,335311,6640000,29843000,medium,medium,medium
48,201,335312,J,1580,J,33921,J,146966,13,,,,4.0,,,,,,,,,,2023,"Harris County, TX",48201,6-digit,335312,33921000,146966000,high,high,high
48,201,335313,G,383,G,6746,G,26006,14,4.0,,3.0,4.0,,,,,,,,,,2023,"Harris County, TX",48201,6-digit,335313,6746000,26006000,low,low,low
48,201,335314,H,545,H,20355,H,81389,16,4.0,,5.0,,,,,,,,,,,2023,"Harris County, TX",48201,6-digit,335314,20355000,81389000,medium,medium,medium
48,201,3359//,H,1774,H,36333,H,146070,33,10.0,5.0,,11.0,,,,,,,,,,2023,"Harris County, TX",48201,4-digit,3359,36333000,146070000,medium,medium,medium
48,201,33591/,J,57,H,1225,H,5912,4,,,,,,,,,,,,,,2023,"Harris County, TX",48201,5-digit,33591,1225000,5912000,high,medium,medium
48,201,335911,J,57,H,1225,H,5912,4,,,,,,,,,,,,,,2023,"Harris County, TX",48201,6-digit,335911,1225000,5912000,high,medium,medium
48,201,33593/,H,380,H,8155,H,30407,13,4.0,,,5.0,,,,,,,,,,2023,"Harris County, TX",48201,5-digit,33593,8155000,30407000,medium,medium,medium
48,201,335931,H,226,H,4018,H,17168,7,,,,3.0,,,,,,,,,,2023,"Harris County, TX",48201,6-digit,335931,4018000,17168000,medium,medium,medium
48,201,335932,G,154,G,4137,G,13239,6,,,,,,,,,,,,,,2023,"Harris County, TX",48201,6-digit,335932,4137000,13239000,low,low,low
48,201,33599/,J,1327,J,26888,J,109263,14,4.0,,,5.0,,,,,,,,,,2023,"Harris County, TX",48201,5-digit,33599,26888000,109263000,high,high,high
48,201,335991,J,62,J,2889,J,10843,5,,,,,,,,,,,,,,2023,"Harris County, TX",48201,6-digit,335991,2889000,10843000,high,high,high
48,201,335999,J,1265,J,23999,J,98420,9,,,,3.0,,,,,,,,,,2023,"Harris County, TX",48201,6-digit,335999,23999000,98420000,high,high,high
48,201,336///,H,3071,H,65236,H,257975,89,32.0,13.0,15.0,15.0,8.0,4.0,,,,,,,,2023,"Harris County, TX",48201,3-digit,336,65236000,257975000,medium,medium,medium
48,201,3362//,H,966,H,14508,H,60628,22,,,8.0,4.0,3.0,3.0,,,,,,,,2023,"Harris County, TX",48201,4-digit,3362,14508000,60628000,medium,medium,medium
48,201,33621/,H,966,H,14508,H,60628,22,,,8.0,4.0,3.0,3.0,,,,,,,,2023,"Harris County, TX",48201,5-digit,33621,14508000,60628000,medium,medium,medium
48,201,336211,H,579,H,8764,J,38421,11,,,5.0,,,,,,,,,,,2023,"Harris County, TX",48201,6-digit,336211,8764000,38421000,medium,medium,high
48,201,336212,H,276,G,3956,G,16705,9,,,3.0,,,,,,,,,,,2023,"Harris County, TX",48201,6-digit,336212,3956000,16705000,medium,low,low
48,201,3363//,H,347,G,4664,G,19503,32,19.0,4.0,4.0,4.0,,,,,,,,,,2023,"Harris County, TX",48201,4-digit,3363,4664000,19503000,medium,low,low
48,201,33631/,J,112,H,1679,H,7176,13,9.0,,,,,,,,,,,,,2023,"Harris County, TX",48201,5-digit,33631,1679000,7176000,high,medium,medium
48,201,336310,J,112,H,1679,H,7176,13,9.0,,,,,,,,,,,,,2023,"Harris County, TX",48201,6-digit,336310,1679000,7176000,high,medium,medium
48,201,33632/,G,28,H,440,H,1962,5,,,,,,,,,,,,,,2023,"Harris County, TX",48201,5-digit,33632,440000,1962000,low,medium,medium
48,201,336320,G,28,H,440,H,1962,5,,,,,,,,,,,,,,2023,"Harris County, TX",48201,6-digit,336320,440000,1962000,low,medium,medium
48,201,33635/,J,40,J,655,J,2137,3,,,,,,,,,,,,,,2023,"Harris County, TX",48201,5-digit,33635,655000,2137000,high,high,high
48,201,336350,J,40,J,655,J,2137,3,,,,,,,,,,,,,,2023,"Harris County, TX",48201,6-digit,336350,655000,2137000,high,high,high
48,201,33639/,J,77,H,988,H,3945,8,4.0,,,,,,,,,,,,,2023,"Harris County, TX",48201,5-digit,33639,988000,3945000,high,medium,medium
48,201,336390,J,77,H,988,H,3945,8,4.0,,,,,,,,,,,,,2023,"Harris County, TX",48201,6-digit,336390,988000,3945000,high,medium,medium
48,201,3364//,G,1132,H,33105,H,121904,10,4.0,3.0,,,,,,,,,,,,2023,"Harris County, TX",48201,4-digit,3364,33105000,121904000,low,medium,medium
48,201,33641/,G,1132,H,33105,H,121904,10,4.0,3.0,,,,,,,,,,,,2023,"Harris County, TX",48201,5-digit,33641,33105000,121904000,low,medium,medium
48,201,336413,H,87,J,2579,J,11116,3,,,,,,,,,,,,,,2023,"Harris County, TX",48201,6-digit,336413,2579000,11116000,medium,high,high
48,201,336414,J,685,J,24198,J,81298,3,,,,,,,,,,,,,,2023,"Harris County, TX",48201,6-digit,336414,24198000,81298000,high,high,high
48,201,3366//,G,589,G,12421,G,53730,21,4.0,4.0,3.0,6.0,3.0,,,,,,,,,2023,"Harris County, TX",48201,4-digit,3366,12421000,53730000,low,low,low
48,201,33661/,G,589,G,12421,G,53730,21,4.0,4.0,3.0,6.0,3.0,,,,,,,,,2023,"Harris County, TX",48201,5-digit,33661,12421000,53730000,low,low,low
48,201,336611,G,586,G,12397,G,53623,19,,4.0,3.0,6.0,3.0,,,,,,,,,2023,"Harris County, TX",48201,6-digit,336611,12397000,53623000,low,low,low
48,201,337///,G,2387,G,31547,G,128610,116,52.0,20.0,14.0,19.0,7.0,,,,,,,,,2023,"Harris County, TX",48201,3-digit,337,31547000,128610000,low,low,low
48,201,3371//,G,693,H,8239,H,31250,66,36.0,15.0,7.0,5.0,,,,,,,,,,2023,"Harris County, TX",48201,4-digit,3371,8239000,31250000,low,medium,medium
48,201,33711/,H,278,J,3765,J,14195,21,12.0,4.0,3.0,,,,,,,,,,,2023,"Harris County, TX",48201,5-digit,33711,3765000,14195000,medium,high,high
48,201,337110,H,278,J,3765,J,14195,21,12.0,4.0,3.0,,,,,,,,,,,2023,"Harris County, TX",48201,6-digit,337110,3765000,14195000,medium,high,high
48,201,33712/,G,415,G,4474,G,17055,45,24.0,11.0,4.0,5.0,,,,,,,,,,2023,"Harris County, TX",48201,5-digit,33712,4474000,17055000,low,low,low
48,201,337121,G,211,G,1983,G,7836,16,6.0,5.0,3.0,,,,,,,,,,,2023,"Harris County, TX",48201,6-digit,337121,1983000,7836000,low,low,low
48,201,337122,G,91,G,1055,G,4545,19,12.0,6.0,,,,,,,,,,,,2023,"Harris County, TX",48201,6-digit,337122,1055000,4545000,low,low,low
48,201,337124,G,79,H,1048,G,3008,8,5.0,,,,,,,,,,,,,2023,"Harris County, TX",48201,6-digit,337124,1048000,3008000,low,medium,low
48,201,3372//,H,937,H,11818,H,50244,37,12.0,5.0,5.0,12.0,,,,,,,,,,2023,"Harris County, TX",48201,4-digit,3372,11818000,50244000,medium,medium,medium
48,201,33721/,H,937,H,11818,H,50244,37,12.0,5.0,5.0,12.0,,,,,,,,,,2023,"Harris County, TX",48201,5-digit,33721,11818000,50244000,medium,medium,medium
48,201,337211,H,47,H,579,H,2507,5,3.0,,,,,,,,,,,,,2023,"Harris County, TX",48201,6-digit,337211,579000,2507000,medium,medium,medium
48,201,337212,G,497,G,6692,G,26305,24,5.0,3.0,5.0,9.0,,,,,,,,,,2023,"Harris County, TX",48201,6-digit,337212,6692000,26305000,low,low,low
48,201,337215,J,357,J,4209,J,19894,6,3.0,,,,,,,,,,,,,2023,"Harris County, TX",48201,6-digit,337215,4209000,19894000,high,high,high
48,201,3379//,H,757,H,11490,H,47116,13,4.0,,,,3.0,,,,,,,,,2023,"Harris County, TX",48201,4-digit,3379,11490000,47116000,medium,medium,medium
48,201,33791/,H,726,H,11164,H,45756,8,,,,,3.0,,,,,,,,,2023,"Harris County, TX",48201,5-digit,33791,11164000,45756000,medium,medium,medium
48,201,337910,H,726,H,11164,H,45756,8,,,,,3.0,,,,,,,,,2023,"Harris County, TX",48201,6-digit,337910,11164000,45756000,medium,medium,medium
48,201,33792/,H,31,H,326,H,1360,5,3.0,,,,,,,,,,,,,2023,"Harris County, TX",48201,5-digit,33792,326000,1360000,medium,medium,medium
48,201,337920,H,31,H,326,H,1360,5,3.0,,,,,,,,,,,,,2023,"Harris County, TX",48201,6-digit,337920,326000,1360000,medium,medium,medium
48,201,339///,G,6977,G,114489,G,461119,293,146.0,57.0,34.0,34.0,11.0,6.0,4.0,,,,,,,2023,"Harris County, TX",48201,3-digit,339,114489000,461119000,low,low,low
48,201,3391//,H,2835,H,47884,H,193417,83,45.0,15.0,7.0,8.0,,4.0,,,,,,,,2023,"Harris County, TX",48201,4-digit,3391,47884000,193417000,medium,medium,medium
48,201,33911/,H,2835,H,47884,H,193417,83,45.0,15.0,7.0,8.0,,4.0,,,,,,,,2023,"Harris County, TX",48201,5-digit,33911,47884000,193417000,medium,medium,medium
48,201,339112,H,1935,H,35305,H,144433,13,7.0,,,,,,,,,,,,,2023,"Harris County, TX",48201,6-digit,339112,35305000,144433000,medium,medium,medium
48,201,339113,H,442,H,7258,H,27214,19,8.0,3.0,,5.0,,,,,,,,,,2023,"Harris County, TX",48201,6-digit,339113,7258000,27214000,medium,medium,medium
48,201,339114,J,6,H,76,H,298,3,,,,,,,,,,,,,,2023,"Harris County, TX",48201,6-digit,339114,76000,298000,high,medium,medium
48,201,339115,J,74,J,868,J,3335,4,,,,,,,,,,,,,,2023,"Harris County, TX",48201,6-digit,339115,868000,3335000,high,high,high
48,201,339116,H,378,H,4377,H,18137,44,27.0,9.0,5.0,,,,,,,,,,,2023,"Harris County, TX",48201,6-digit,339116,4377000,18137000,medium,medium,medium
48,201,3399//,G,4142,G,66605,G,267702,210,101.0,42.0,27.0,26.0,9.0,,3.0,,,,,,,2023,"Harris County, TX",48201,4-digit,3399,66605000,267702000,low,low,low
48,201,33991/,G,118,H,1277,H,5143,16,10.0,,3.0,,,,,,,,,,,2023,"Harris County, TX",48201,5-digit,33991,1277000,5143000,low,medium,medium
48,201,339910,G,118,H,1277,H,5143,16,10.0,,3.0,,,,,,,,,,,2023,"Harris County, TX",48201,6-digit,339910,1277000,5143000,low,medium,medium
48,201,33992/,H,176,G,2312,G,9713,10,4.0,,,,,,,,,,,,,2023,"Harris County, TX",48201,5-digit,33992,2312000,9713000,medium,low,low
48,201,339920,H,176,G,2312,G,9713,10,4.0,,,,,,,,,,,,,2023,"Harris County, TX",48201,6-digit,339920,2312000,9713000,medium,low,low
48,201,33993/,J,18,H,110,H,413,4,3.0,,,,,,,,,,,,,2023,"Harris County, TX",48201,5-digit,33993,110000,413000,high,medium,medium
48,201,339930,J,18,H,110,H,413,4,3.0,,,,,,,,,,,,,2023,"Harris County, TX",48201,6-digit,339930,110000,413000,high,medium,medium
48,201,33995/,G,1264,G,16926,G,69348,119,60.0,28.0,15.0,11.0,4.0,,,,,,,,,2023,"Harris County, TX",48201,5-digit,33995,16926000,69348000,low,low,low
48,201,339950,G,1264,G,16926,G,69348,119,60.0,28.0,15.0,11.0,4.0,,,,,,,,,2023,"Harris County, TX",48201,6-digit,339950,16926000,69348000,low,low,low
48,201,33999/,H,2562,H,45942,H,182947,59,22.0,10.0,6.0,13.0,4.0,,3.0,,,,,,,2023,"Harris County, TX",48201,5-digit,33999,45942000,182947000,medium,medium,medium
48,201,339991,H,2252,H,43109,H,169336,27,4.0,3.0,3.0,10.0,3.0,,3.0,,,,,,,2023,"Harris County, TX",48201,6-digit,339991,43109000,169336000,medium,medium,medium
48,201,339999,G,281,G,2552,G,12269,30,17.0,7.0,3.0,,,,,,,,,,,2023,"Harris County, TX",48201,6-digit,339999,2552000,12269000,low,low,low
48,201,42----,G,128623,G,3809178,G,12712478,7109,3407.0,1316.0,1062.0,825.0,279.0,160.0,38.0,20.0,,,,,,2023,"Harris County, TX",48201,2-digit,42,3809178000,12712478000,low,low,low
48,201,423///,G,77277,G,1856027,G,7221314,4691,2101.0,924.0,770.0,572.0,194.0,108.0,17.0,4.0,,,,,,2023,"Harris County, TX",48201,3-digit,423,1856027000,7221314000,low,low,low
48,201,4231//,G,5917,G,121226,G,464289,366,156.0,68.0,75.0,40.0,17.0,9.0,,,,,,,,2023,"Harris County, TX",48201,4-digit,4231,121226000,464289000,low,low,low
48,201,42311/,G,2000,G,56270,G,197567,81,37.0,12.0,11.0,11.0,5.0,4.0,,,,,,,,2023,"Harris County, TX",48201,5-digit,42311,56270000,197567000,low,low,low
48,201,423110,G,2000,G,56270,G,197567,81,37.0,12.0,11.0,11.0,5.0,4.0,,,,,,,,2023,"Harris County, TX",48201,6-digit,423110,56270000,197567000,low,low,low
48,201,42312/,H,2504,H,45982,H,184585,191,83.0,36.0,44.0,17.0,8.0,3.0,,,,,,,,2023,"Harris County, TX",48201,5-digit,42312,45982000,184585000,medium,medium,medium
48,201,423120,H,2504,H,45982,H,184585,191,83.0,36.0,44.0,17.0,8.0,3.0,,,,,,,,2023,"Harris County, TX",48201,6-digit,423120,45982000,184585000,medium,medium,medium
48,201,42313/,G,878,G,11576,G,57510,64,23.0,12.0,15.0,11.0,3.0,,,,,,,,,2023,"Harris County, TX",48201,5-digit,42313,11576000,57510000,low,low,low
48,201,423130,G,878,G,11576,G,57510,64,23.0,12.0,15.0,11.0,3.0,,,,,,,,,2023,"Harris County, TX",48201,6-digit,423130,11576000,57510000,low,low,low
48,201,42314/,J,535,J,7398,H,24627,30,13.0,8.0,5.0,,,,,,,,,,,2023,"Harris County, TX",48201,5-digit,42314,7398000,24627000,high,high,medium
48,201,423140,J,535,J,7398,H,24627,30,13.0,8.0,5.0,,,,,,,,,,,2023,"Harris County, TX",48201,6-digit,423140,7398000,24627000,high,high,medium
48,201,4232//,G,3369,G,59780,G,265090,223,108.0,42.0,32.0,28.0,9.0,,,,,,,,,2023,"Harris County, TX",48201,4-digit,4232,59780000,265090000,low,low,low
48,201,42321/,G,1562,G,26727,G,114623,102,51.0,17.0,13.0,14.0,5.0,,,,,,,,,2023,"Harris County, TX",48201,5-digit,42321,26727000,114623000,low,low,low
48,201,423210,G,1562,G,26727,G,114623,102,51.0,17.0,13.0,14.0,5.0,,,,,,,,,2023,"Harris County, TX",48201,6-digit,423210,26727000,114623000,low,low,low
48,201,42322/,G,1807,G,33053,G,150467,121,57.0,25.0,19.0,14.0,4.0,,,,,,,,,2023,"Harris County, TX",48201,5-digit,42322,33053000,150467000,low,low,low
48,201,423220,G,1807,G,33053,G,150467,121,57.0,25.0,19.0,14.0,4.0,,,,,,,,,2023,"Harris County, TX",48201,6-digit,423220,33053000,150467000,low,low,low
48,201,4233//,G,5612,G,106834,G,416419,344,125.0,67.0,72.0,56.0,16.0,8.0,,,,,,,,2023,"Harris County, TX",48201,4-digit,4233,106834000,416419000,low,low,low
48,201,42331/,G,2017,G,37494,G,147067,106,34.0,19.0,23.0,20.0,7.0,3.0,,,,,,,,2023,"Harris County, TX",48201,5-digit,42331,37494000,147067000,low,low,low
48,201,423310,G,2017,G,37494,G,147067,106,34.0,19.0,23.0,20.0,7.0,3.0,,,,,,,,2023,"Harris County, TX",48201,6-digit,423310,37494000,147067000,low,low,low
48,201,42332/,G,1810,G,29661,G,119232,105,48.0,14.0,20.0,14.0,5.0,4.0,,,,,,,,2023,"Harris County, TX",48201,5-digit,42332,29661000,119232000,low,low,low
48,201,423320,G,1810,G,29661,G,119232,105,48.0,14.0,20.0,14.0,5.0,4.0,,,,,,,,2023,"Harris County, TX",48201,6-digit,423320,29661000,119232000,low,low,low
48,201,42333/,H,752,H,18636,H,62808,54,16.0,12.0,13.0,11.0,,,,,,,,,,2023,"Harris County, TX",48201,5-digit,42333,18636000,62808000,medium,medium,medium
48,201,423330,H,752,H,18636,H,62808,54,16.0,12.0,13.0,11.0,,,,,,,,,,2023,"Harris County, TX",48201,6-digit,423330,18636000,62808000,medium,medium,medium
48,201,42339/,G,1033,G,21043,G,87312,79,27.0,22.0,16.0,11.0,,,,,,,,,,2023,"Harris County, TX",48201,5-digit,42339,21043000,87312000,low,low,low
48,201,423390,G,1033,G,21043,G,87312,79,27.0,22.0,16.0,11.0,,,,,,,,,,2023,"Harris County, TX",48201,6-digit,423390,21043000,87312000,low,low,low
48,201,4234//,G,5019,G,111098,G,457035,452,254.0,77.0,60.0,42.0,14.0,4.0,,,,,,,,2023,"Harris County, TX",48201,4-digit,4234,111098000,457035000,low,low,low
48,201,42341/,J,366,J,9441,J,34882,10,5.0,,,,,,,,,,,,,2023,"Harris County, TX",48201,5-digit,42341,9441000,34882000,high,high,high
48,201,423410,J,366,J,9441,J,34882,10,5.0,,,,,,,,,,,,,2023,"Harris County, TX",48201,6-digit,423410,9441000,34882000,high,high,high
48,201,42342/,H,790,H,13807,H,56782,69,41.0,7.0,8.0,9.0,4.0,,,,,,,,,2023,"Harris County, TX",48201,5-digit,42342,13807000,56782000,medium,medium,medium
48,201,423420,H,790,H,13807,H,56782,69,41.0,7.0,8.0,9.0,4.0,,,,,,,,,2023,"Harris County, TX",48201,6-digit,423420,13807000,56782000,medium,medium,medium
48,201,42343/,G,1382,G,40029,G,162390,100,48.0,19.0,15.0,12.0,3.0,3.0,,,,,,,,2023,"Harris County, TX",48201,5-digit,42343,40029000,162390000,low,low,low
48,201,423430,G,1382,G,40029,G,162390,100,48.0,19.0,15.0,12.0,3.0,3.0,,,,,,,,2023,"Harris County, TX",48201,6-digit,423430,40029000,162390000,low,low,low
48,201,42344/,G,655,G,10351,G,41785,78,41.0,17.0,13.0,5.0,,,,,,,,,,2023,"Harris County, TX",48201,5-digit,42344,10351000,41785000,low,low,low
48,201,423440,G,655,G,10351,G,41785,78,41.0,17.0,13.0,5.0,,,,,,,,,,2023,"Harris County, TX",48201,6-digit,423440,10351000,41785000,low,low,low
48,201,42345/,G,1433,G,29533,G,124324,143,92.0,21.0,15.0,10.0,4.0,,,,,,,,,2023,"Harris County, TX",48201,5-digit,42345,29533000,124324000,low,low,low
48,201,423450,G,1433,G,29533,G,124324,143,92.0,21.0,15.0,10.0,4.0,,,,,,,,,2023,"Harris County, TX",48201,6-digit,423450,29533000,124324000,low,low,low
48,201,42346/,H,48,G,584,G,2225,8,5.0,,,,,,,,,,,,,2023,"Harris County, TX",48201,5-digit,42346,584000,2225000,medium,low,low
48,201,423460,H,48,G,584,G,2225,8,5.0,,,,,,,,,,,,,2023,"Harris County, TX",48201,6-digit,423460,584000,2225000,medium,low,low
48,201,42349/,G,345,G,7353,G,34647,44,22.0,10.0,8.0,4.0,,,,,,,,,,2023,"Harris County, TX",48201,5-digit,42349,7353000,34647000,low,low,low
48,201,423490,G,345,G,7353,G,34647,44,22.0,10.0,8.0,4.0,,,,,,,,,,2023,"Harris County, TX",48201,6-digit,423490,7353000,34647000,low,low,low
48,201,4235//,G,8738,G,229020,G,905516,387,134.0,70.0,72.0,65.0,29.0,15.0,,,,,,,,2023,"Harris County, TX",48201,4-digit,4235,229020000,905516000,low,low,low
48,201,42351/,G,8644,G,226488,G,895004,376,128.0,67.0,71.0,64.0,29.0,15.0,,,,,,,,2023,"Harris County, TX",48201,5-digit,42351,226488000,895004000,low,low,low
48,201,423510,G,8644,G,226488,G,895004,376,128.0,67.0,71.0,64.0,29.0,15.0,,,,,,,,2023,"Harris County, TX",48201,6-digit,423510,226488000,895004000,low,low,low
48,201,42352/,J,94,J,2532,J,10512,11,6.0,3.0,,,,,,,,,,,,2023,"Harris County, TX",48201,5-digit,42352,2532000,10512000,high,high,high
48,201,423520,J,94,J,2532,J,10512,11,6.0,3.0,,,,,,,,,,,,2023,"Harris County, TX",48201,6-digit,423520,2532000,10512000,high,high,high
48,201,4236//,G,10098,G,297235,G,1097382,475,214.0,97.0,68.0,57.0,16.0,18.0,3.0,,,,,,,2023,"Harris County, TX",48201,4-digit,4236,297235000,1097382000,low,low,low
48,201,42361/,G,7185,G,211588,G,770734,278,112.0,55.0,46.0,38.0,10.0,13.0,,,,,,,,2023,"Harris County, TX",48201,5-digit,42361,211588000,770734000,low,low,low
48,201,423610,G,7185,G,211588,G,770734,278,112.0,55.0,46.0,38.0,10.0,13.0,,,,,,,,2023,"Harris County, TX",48201,6-digit,423610,211588000,770734000,low,low,low
48,201,42362/,G,626,G,16119,G,61553,39,16.0,8.0,9.0,,3.0,,,,,,,,,2023,"Harris County, TX",48201,5-digit,42362,16119000,61553000,low,low,low
48,201,423620,G,626,G,16119,G,61553,39,16.0,8.0,9.0,,3.0,,,,,,,,,2023,"Harris County, TX",48201,6-digit,423620,16119000,61553000,low,low,low
48,201,42369/,G,2287,G,69528,G,265095,158,86.0,34.0,13.0,17.0,3.0,4.0,,,,,,,,2023,"Harris County, TX",48201,5-digit,42369,69528000,265095000,low,low,low
48,201,423690,G,2287,G,69528,G,265095,158,86.0,34.0,13.0,17.0,3.0,4.0,,,,,,,,2023,"Harris County, TX",48201,6-digit,423690,69528000,265095000,low,low,low
48,201,4237//,G,6890,G,155687,G,705200,389,152.0,89.0,72.0,49.0,17.0,8.0,,,,,,,,2023,"Harris County, TX",48201,4-digit,4237,155687000,705200000,low,low,low
48,201,42371/,G,2479,G,41484,G,183079,147,56.0,38.0,30.0,13.0,5.0,5.0,,,,,,,,2023,"Harris County, TX",48201,5-digit,42371,41484000,183079000,low,low,low
48,201,423710,G,2479,G,41484,G,183079,147,56.0,38.0,30.0,13.0,5.0,5.0,,,,,,,,2023,"Harris County, TX",48201,6-digit,423710,41484000,183079000,low,low,low
48,201,42372/,H,1355,G,38269,G,125419,97,29.0,23.0,20.0,21.0,4.0,,,,,,,,,2023,"Harris County, TX",48201,5-digit,42372,38269000,125419000,medium,low,low
48,201,423720,H,1355,G,38269,G,125419,97,29.0,23.0,20.0,21.0,4.0,,,,,,,,,2023,"Harris County, TX",48201,6-digit,423720,38269000,125419000,medium,low,low
48,201,42373/,H,2706,H,68801,H,368560,125,57.0,25.0,20.0,13.0,5.0,3.0,,,,,,,,2023,"Harris County, TX",48201,5-digit,42373,68801000,368560000,medium,medium,medium
48,201,423730,H,2706,H,68801,H,368560,125,57.0,25.0,20.0,13.0,5.0,3.0,,,,,,,,2023,"Harris County, TX",48201,6-digit,423730,68801000,368560000,medium,medium,medium
48,201,42374/,G,350,H,7133,G,28142,20,10.0,3.0,,,3.0,,,,,,,,,2023,"Harris County, TX",48201,5-digit,42374,7133000,28142000,low,medium,low
48,201,423740,G,350,H,7133,G,28142,20,10.0,3.0,,,3.0,,,,,,,,,2023,"Harris County, TX",48201,6-digit,423740,7133000,28142000,low,medium,low
48,201,4238//,G,25785,G,682447,G,2530465,1467,619.0,297.0,257.0,189.0,59.0,37.0,7.0,,,,,,,2023,"Harris County, TX",48201,4-digit,4238,682447000,2530465000,low,low,low
48,201,42381/,G,1760,G,43755,G,171246,73,32.0,10.0,11.0,12.0,5.0,,,,,,,,,2023,"Harris County, TX",48201,5-digit,42381,43755000,171246000,low,low,low
48,201,423810,G,1760,G,43755,G,171246,73,32.0,10.0,11.0,12.0,5.0,,,,,,,,,2023,"Harris County, TX",48201,6-digit,423810,43755000,171246000,low,low,low
48,201,42382/,G,669,G,11302,G,48794,40,10.0,10.0,11.0,8.0,,,,,,,,,,2023,"Harris County, TX",48201,5-digit,42382,11302000,48794000,low,low,low
48,201,423820,G,669,G,11302,G,48794,40,10.0,10.0,11.0,8.0,,,,,,,,,,2023,"Harris County, TX",48201,6-digit,423820,11302000,48794000,low,low,low
48,201,42383/,G,17151,G,488126,G,1761933,932,403.0,187.0,149.0,123.0,39.0,23.0,6.0,,,,,,,2023,"Harris County, TX",48201,5-digit,42383,488126000,1761933000,low,low,low
48,201,423830,G,17151,G,488126,G,1761933,932,403.0,187.0,149.0,123.0,39.0,23.0,6.0,,,,,,,2023,"Harris County, TX",48201,6-digit,423830,488126000,1761933000,low,low,low
48,201,42384/,G,4920,G,113309,G,435578,293,115.0,58.0,62.0,37.0,11.0,10.0,,,,,,,,2023,"Harris County, TX",48201,5-digit,42384,113309000,435578000,low,low,low
48,201,423840,G,4920,G,113309,G,435578,293,115.0,58.0,62.0,37.0,11.0,10.0,,,,,,,,2023,"Harris County, TX",48201,6-digit,423840,113309000,435578000,low,low,low
48,201,42385/,G,641,H,12451,H,50069,73,32.0,19.0,15.0,5.0,,,,,,,,,,2023,"Harris County, TX",48201,5-digit,42385,12451000,50069000,low,medium,medium
48,201,423850,G,641,H,12451,H,50069,73,32.0,19.0,15.0,5.0,,,,,,,,,,2023,"Harris County, TX",48201,6-digit,423850,12451000,50069000,low,medium,medium
48,201,42386/,G,644,G,13504,G,62845,56,27.0,13.0,9.0,4.0,,,,,,,,,,2023,"Harris County, TX",48201,5-digit,42386,13504000,62845000,low,low,low
48,201,423860,G,644,G,13504,G,62845,56,27.0,13.0,9.0,4.0,,,,,,,,,,2023,"Harris County, TX",48201,6-digit,423860,13504000,62845000,low,low,low
48,201,4239//,G,5849,G,92700,G,379918,588,339.0,117.0,62.0,46.0,17.0,7.0,,,,,,,,2023,"Harris County, TX",48201,4-digit,4239,92700000,379918000,low,low,low
48,201,42391/,G,648,G,11151,G,50392,65,28.0,16.0,13.0,7.0,,,,,,,,,,2023,"Harris County, TX",48201,5-digit,42391,11151000,50392000,low,low,low
48,201,423910,G,648,G,11151,G,50392,65,28.0,16.0,13.0,7.0,,,,,,,,,,2023,"Harris County, TX",48201,6-digit,423910,11151000,50392000,low,low,low
48,201,42392/,G,71,G,569,G,2552,22,17.0,4.0,,,,,,,,,,,,2023,"Harris County, TX",48201,5-digit,42392,569000,2552000,low,low,low
48,201,423920,G,71,G,569,G,2552,22,17.0,4.0,,,,,,,,,,,,2023,"Harris County, TX",48201,6-digit,423920,569000,2552000,low,low,low
48,201,42393/,G,2260,G,33046,G,131703,174,78.0,40.0,23.0,23.0,8.0,,,,,,,,,2023,"Harris County, TX",48201,5-digit,42393,33046000,131703000,low,low,low
48,201,423930,G,2260,G,33046,G,131703,174,78.0,40.0,23.0,23.0,8.0,,,,,,,,,2023,"Harris County, TX",48201,6-digit,423930,33046000,131703000,low,low,low
48,201,42394/,G,574,G,9164,G,41158,123,85.0,23.0,11.0,4.0,,,,,,,,,,2023,"Harris County, TX",48201,5-digit,42394,9164000,41158000,low,low,low
48,201,423940,G,574,G,9164,G,41158,123,85.0,23.0,11.0,4.0,,,,,,,,,,2023,"Harris County, TX",48201,6-digit,423940,9164000,41158000,low,low,low
48,201,42399/,G,2296,G,38770,G,154113,204,131.0,34.0,14.0,12.0,8.0,5.0,,,,,,,,2023,"Harris County, TX",48201,5-digit,42399,38770000,154113000,low,low,low
48,201,423990,G,2296,G,38770,G,154113,204,131.0,34.0,14.0,12.0,8.0,5.0,,,,,,,,2023,"Harris County, TX",48201,6-digit,423990,38770000,154113000,low,low,low
48,201,424///,G,47936,G,1885672,G,5201744,1839,885.0,316.0,246.0,226.0,78.0,50.0,21.0,16.0,,,,,,2023,"Harris County, TX",48201,3-digit,424,1885672000,5201744000,low,low,low
48,201,4241//,G,1679,G,30746,G,117624,101,45.0,13.0,20.0,18.0,3.0,,,,,,,,,2023,"Harris County, TX",48201,4-digit,4241,30746000,117624000,low,low,low
48,201,42411/,G,122,G,2888,G,9496,11,6.0,,,3.0,,,,,,,,,,2023,"Harris County, TX",48201,5-digit,42411,2888000,9496000,low,low,low
48,201,424110,G,122,G,2888,G,9496,11,6.0,,,3.0,,,,,,,,,,2023,"Harris County, TX",48201,6-digit,424110,2888000,9496000,low,low,low
48,201,42412/,G,820,G,12601,G,48879,36,19.0,,8.0,4.0,,,,,,,,,,2023,"Harris County, TX",48201,5-digit,42412,12601000,48879000,low,low,low
48,201,424120,G,820,G,12601,G,48879,36,19.0,,8.0,4.0,,,,,,,,,,2023,"Harris County, TX",48201,6-digit,424120,12601000,48879000,low,low,low
48,201,42413/,G,737,H,15257,G,59249,54,20.0,11.0,10.0,11.0,,,,,,,,,,2023,"Harris County, TX",48201,5-digit,42413,15257000,59249000,low,medium,low
48,201,424130,G,737,H,15257,G,59249,54,20.0,11.0,10.0,11.0,,,,,,,,,,2023,"Harris County, TX",48201,6-digit,424130,15257000,59249000,low,medium,low
48,201,4242//,G,2745,G,47949,G,221037,121,68.0,20.0,12.0,9.0,6.0,4.0,,,,,,,,2023,"Harris County, TX",48201,4-digit,4242,47949000,221037000,low,low,low
48,201,42421/,G,2745,G,47949,G,221037,121,68.0,20.0,12.0,9.0,6.0,4.0,,,,,,,,2023,"Harris County, TX",48201,5-digit,42421,47949000,221037000,low,low,low
48,201,424210,G,2745,G,47949,G,221037,121,68.0,20.0,12.0,9.0,6.0,4.0,,,,,,,,2023,"Harris County, TX",48201,6-digit,424210,47949000,221037000,low,low,low
48,201,4243//,G,2092,G,16594,G,71054,163,89.0,36.0,14.0,12.0,8.0,4.0,,,,,,,,2023,"Harris County, TX",48201,4-digit,4243,16594000,71054000,low,low,low
48,201,42431/,G,297,G,2201,G,9431,41,28.0,4.0,6.0,,,,,,,,,,,2023,"Harris County, TX",48201,5-digit,42431,2201000,9431000,low,low,low
48,201,424310,G,297,G,2201,G,9431,41,28.0,4.0,6.0,,,,,,,,,,,2023,"Harris County, TX",48201,6-digit,424310,2201000,9431000,low,low,low
48,201,42432/,G,607,G,5275,G,23700,35,13.0,12.0,4.0,3.0,,,,,,,,,,2023,"Harris County, TX",48201,5-digit,42432,5275000,23700000,low,low,low
48,201,424320,G,607,G,5275,G,23700,35,13.0,12.0,4.0,3.0,,,,,,,,,,2023,"Harris County, TX",48201,6-digit,424320,5275000,23700000,low,low,low
48,201,42433/,G,1021,G,7353,G,31290,72,38.0,18.0,3.0,6.0,5.0,,,,,,,,,2023,"Harris County, TX",48201,5-digit,42433,7353000,31290000,low,low,low
48,201,424330,G,1021,G,7353,G,31290,72,38.0,18.0,3.0,6.0,5.0,,,,,,,,,2023,"Harris County, TX",48201,6-digit,424330,7353000,31290000,low,low,low
48,201,42434/,J,167,H,1765,H,6633,15,10.0,,,,,,,,,,,,,2023,"Harris County, TX",48201,5-digit,42434,1765000,6633000,high,medium,medium
48,201,424340,J,167,H,1765,H,6633,15,10.0,,,,,,,,,,,,,2023,"Harris County, TX",48201,6-digit,424340,1765000,6633000,high,medium,medium
48,201,4244//,G,13433,H,285568,H,1017093,496,218.0,80.0,66.0,87.0,20.0,13.0,7.0,5.0,,,,,,2023,"Harris County, TX",48201,4-digit,4244,285568000,1017093000,low,medium,medium
48,201,42441/,H,3527,J,153898,J,470821,55,25.0,11.0,,7.0,3.0,3.0,3.0,,,,,,,2023,"Harris County, TX",48201,5-digit,42441,153898000,470821000,medium,high,high
48,201,424410,H,3527,J,153898,J,470821,55,25.0,11.0,,7.0,3.0,3.0,3.0,,,,,,,2023,"Harris County, TX",48201,6-digit,424410,153898000,470821000,medium,high,high
48,201,42442/,H,2516,H,35811,H,149622,49,19.0,,6.0,13.0,4.0,3.0,,,,,,,,2023,"Harris County, TX",48201,5-digit,42442,35811000,149622000,medium,medium,medium
48,201,424420,H,2516,H,35811,H,149622,49,19.0,,6.0,13.0,4.0,3.0,,,,,,,,2023,"Harris County, TX",48201,6-digit,424420,35811000,149622000,medium,medium,medium
48,201,42443/,H,451,H,5194,H,24323,24,10.0,,4.0,7.0,,,,,,,,,,2023,"Harris County, TX",48201,5-digit,42443,5194000,24323000,medium,medium,medium
48,201,424430,H,451,H,5194,H,24323,24,10.0,,4.0,7.0,,,,,,,,,,2023,"Harris County, TX",48201,6-digit,424430,5194000,24323000,medium,medium,medium
48,201,42445/,G,330,G,4830,G,18845,22,15.0,,,,,,,,,,,,,2023,"Harris County, TX",48201,5-digit,42445,4830000,18845000,low,low,low
48,201,424450,G,330,G,4830,G,18845,22,15.0,,,,,,,,,,,,,2023,"Harris County, TX",48201,6-digit,424450,4830000,18845000,low,low,low
48,201,42446/,G,248,G,2571,G,11260,24,12.0,,7.0,,,,,,,,,,,2023,"Harris County, TX",48201,5-digit,42446,2571000,11260000,low,low,low
48,201,424460,G,248,G,2571,G,11260,24,12.0,,7.0,,,,,,,,,,,2023,"Harris County, TX",48201,6-digit,424460,2571000,11260000,low,low,low
48,201,42447/,H,1022,H,15334,H,59928,34,9.0,9.0,7.0,5.0,,,,,,,,,,2023,"Harris County, TX",48201,5-digit,42447,15334000,59928000,medium,medium,medium
48,201,424470,H,1022,H,15334,H,59928,34,9.0,9.0,7.0,5.0,,,,,,,,,,2023,"Harris County, TX",48201,6-digit,424470,15334000,59928000,medium,medium,medium
48,201,42448/,G,1386,G,18065,G,70638,80,29.0,15.0,14.0,16.0,3.0,3.0,,,,,,,,2023,"Harris County, TX",48201,5-digit,42448,18065000,70638000,low,low,low
48,201,424480,G,1386,G,18065,G,70638,80,29.0,15.0,14.0,16.0,3.0,3.0,,,,,,,,2023,"Harris County, TX",48201,6-digit,424480,18065000,70638000,low,low,low
48,201,42449/,G,3952,G,49852,G,211584,207,98.0,38.0,25.0,35.0,6.0,,,,,,,,,2023,"Harris County, TX",48201,5-digit,42449,49852000,211584000,low,low,low
48,201,424490,G,3952,G,49852,G,211584,207,98.0,38.0,25.0,35.0,6.0,,,,,,,,,2023,"Harris County, TX",48201,6-digit,424490,49852000,211584000,low,low,low
48,201,4245//,G,246,G,5687,G,25662,18,9.0,3.0,,3.0,,,,,,,,,,2023,"Harris County, TX",48201,4-digit,4245,5687000,25662000,low,low,low
48,201,42451/,G,231,G,5501,G,24876,12,4.0,,,3.0,,,,,,,,,,2023,"Harris County, TX",48201,5-digit,42451,5501000,24876000,low,low,low
48,201,424510,G,231,G,5501,G,24876,12,4.0,,,3.0,,,,,,,,,,2023,"Harris County, TX",48201,6-digit,424510,5501000,24876000,low,low,low
48,201,42459/,J,14,G,180,G,759,5,4.0,,,,,,,,,,,,,2023,"Harris County, TX",48201,5-digit,42459,180000,759000,high,low,low
48,201,424590,J,14,G,180,G,759,5,4.0,,,,,,,,,,,,,2023,"Harris County, TX",48201,6-digit,424590,180000,759000,high,low,low
48,201,4246//,G,12453,G,457365,G,1430507,359,169.0,50.0,55.0,48.0,20.0,10.0,,4.0,,,,,,2023,"Harris County, TX",48201,4-digit,4246,457365000,1430507000,low,low,low
48,201,42461/,G,2115,G,57438,G,227965,87,46.0,9.0,12.0,12.0,5.0,,,,,,,,,2023,"Harris County, TX",48201,5-digit,42461,57438000,227965000,low,low,low
48,201,424610,G,2115,G,57438,G,227965,87,46.0,9.0,12.0,12.0,5.0,,,,,,,,,2023,"Harris County, TX",48201,6-digit,424610,57438000,227965000,low,low,low
48,201,42469/,G,10338,G,399927,G,1202542,272,123.0,41.0,43.0,36.0,15.0,9.0,,4.0,,,,,,2023,"Harris County, TX",48201,5-digit,42469,399927000,1202542000,low,low,low
48,201,424690,G,10338,G,399927,G,1202542,272,123.0,41.0,43.0,36.0,15.0,9.0,,4.0,,,,,,2023,"Harris County, TX",48201,6-digit,424690,399927000,1202542000,low,low,low
48,201,4247//,G,8202,G,921223,G,1847699,171,60.0,30.0,25.0,21.0,13.0,13.0,5.0,4.0,,,,,,2023,"Harris County, TX",48201,4-digit,4247,921223000,1847699000,low,low,low
48,201,42471/,H,3885,H,151837,H,500880,52,12.0,4.0,9.0,10.0,6.0,7.0,,,,,,,,2023,"Harris County, TX",48201,5-digit,42471,151837000,500880000,medium,medium,medium
48,201,424710,H,3885,H,151837,H,500880,52,12.0,4.0,9.0,10.0,6.0,7.0,,,,,,,,2023,"Harris County, TX",48201,6-digit,424710,151837000,500880000,medium,medium,medium
48,201,42472/,G,4317,H,769386,G,1346819,119,48.0,26.0,16.0,11.0,7.0,6.0,3.0,,,,,,,2023,"Harris County, TX",48201,5-digit,42472,769386000,1346819000,low,medium,low
48,201,424720,G,4317,H,769386,G,1346819,119,48.0,26.0,16.0,11.0,7.0,6.0,3.0,,,,,,,2023,"Harris County, TX",48201,6-digit,424720,769386000,1346819000,low,medium,low
48,201,4248//,H,4026,H,67224,H,259575,55,20.0,12.0,7.0,6.0,,,5.0,,,,,,,2023,"Harris County, TX",48201,4-digit,4248,67224000,259575000,medium,medium,medium
48,201,42481/,G,1727,G,26153,G,115608,12,,,,,,,4.0,,,,,,,2023,"Harris County, TX",48201,5-digit,42481,26153000,115608000,low,low,low
48,201,424810,G,1727,G,26153,G,115608,12,,,,,,,4.0,,,,,,,2023,"Harris County, TX",48201,6-digit,424810,26153000,115608000,low,low,low
48,201,42482/,H,2299,J,41071,J,143967,43,18.0,11.0,5.0,5.0,,,,,,,,,,2023,"Harris County, TX",48201,5-digit,42482,41071000,143967000,medium,high,high
48,201,424820,H,2299,J,41071,J,143967,43,18.0,11.0,5.0,5.0,,,,,,,,,,2023,"Harris County, TX",48201,6-digit,424820,41071000,143967000,medium,high,high
48,201,4249//,G,3060,G,53316,G,211493,355,207.0,72.0,45.0,22.0,5.0,4.0,,,,,,,,2023,"Harris County, TX",48201,4-digit,4249,53316000,211493000,low,low,low
48,201,42491/,G,468,G,14196,G,46811,42,21.0,7.0,9.0,3.0,,,,,,,,,,2023,"Harris County, TX",48201,5-digit,42491,14196000,46811000,low,low,low
48,201,424910,G,468,G,14196,G,46811,42,21.0,7.0,9.0,3.0,,,,,,,,,,2023,"Harris County, TX",48201,6-digit,424910,14196000,46811000,low,low,low
48,201,42492/,J,39,H,604,H,2528,11,8.0,,,,,,,,,,,,,2023,"Harris County, TX",48201,5-digit,42492,604000,2528000,high,medium,medium
48,201,424920,J,39,H,604,H,2528,11,8.0,,,,,,,,,,,,,2023,"Harris County, TX",48201,6-digit,424920,604000,2528000,high,medium,medium
48,201,42493/,G,671,G,8806,G,38620,62,29.0,10.0,13.0,8.0,,,,,,,,,,2023,"Harris County, TX",48201,5-digit,42493,8806000,38620000,low,low,low
48,201,424930,G,671,G,8806,G,38620,62,29.0,10.0,13.0,8.0,,,,,,,,,,2023,"Harris County, TX",48201,6-digit,424930,8806000,38620000,low,low,low
48,201,42494/,G,170,G,1769,G,8204,24,13.0,3.0,6.0,,,,,,,,,,,2023,"Harris County, TX",48201,5-digit,42494,1769000,8204000,low,low,low
48,201,424940,G,170,G,1769,G,8204,24,13.0,3.0,6.0,,,,,,,,,,,2023,"Harris County, TX",48201,6-digit,424940,1769000,8204000,low,low,low
48,201,42495/,G,308,G,4955,G,19675,47,25.0,14.0,5.0,3.0,,,,,,,,,,2023,"Harris County, TX",48201,5-digit,42495,4955000,19675000,low,low,low
48,201,424950,G,308,G,4955,G,19675,47,25.0,14.0,5.0,3.0,,,,,,,,,,2023,"Harris County, TX",48201,6-digit,424950,4955000,19675000,low,low,low
48,201,42499/,G,1404,G,22986,G,95655,169,111.0,36.0,11.0,6.0,,3.0,,,,,,,,2023,"Harris County, TX",48201,5-digit,42499,22986000,95655000,low,low,low
48,201,424990,G,1404,G,22986,G,95655,169,111.0,36.0,11.0,6.0,,3.0,,,,,,,,2023,"Harris County, TX",48201,6-digit,424990,22986000,95655000,low,low,low
48,201,425///,G,3410,G,67479,G,289420,579,421.0,76.0,46.0,27.0,7.0,,,,,,,,,2023,"Harris County, TX",48201,3-digit,425,67479000,289420000,low,low,low
48,201,4251//,G,3410,G,67479,G,289420,579,421.0,76.0,46.0,27.0,7.0,,,,,,,,,2023,"Harris County, TX",48201,4-digit,4251,67479000,289420000,low,low,low
48,201,42511/,J,47,J,1087,J,5195,6,4.0,,,,,,,,,,,,,2023,"Harris County, TX",48201,5-digit,42511,1087000,5195000,high,high,high
48,201,425110,J,47,J,1087,J,5195,6,4.0,,,,,,,,,,,,,2023,"Harris County, TX",48201,6-digit,425110,1087000,5195000,high,high,high
48,201,42512/,G,3363,G,66392,G,284225,573,417.0,76.0,45.0,26.0,7.0,,,,,,,,,2023,"Harris County, TX",48201,5-digit,42512,66392000,284225000,low,low,low
48,201,425120,G,3363,G,66392,G,284225,573,417.0,76.0,45.0,26.0,7.0,,,,,,,,,2023,"Harris County, TX",48201,6-digit,425120,66392000,284225000,low,low,low
48,201,44----,G,213745,G,1999562,G,8116875,13613,6657.0,2830.0,1908.0,1393.0,414.0,306.0,96.0,9.0,,,,,,2023,"Harris County, TX",48201,2-digit,44,1999562000,8116875000,low,low,low
48,201,441///,G,31953,G,561617,G,2312545,1709,743.0,335.0,348.0,130.0,73.0,71.0,9.0,,,,,,,2023,"Harris County, TX",48201,3-digit,441,561617000,2312545000,low,low,low
48,201,4411//,G,22376,G,465405,G,1904611,761,427.0,90.0,60.0,41.0,64.0,70.0,9.0,,,,,,,2023,"Harris County, TX",48201,4-digit,4411,465405000,1904611000,low,low,low
48,201,44111/,G,19386,G,422635,G,1733665,240,53.0,9.0,14.0,29.0,59.0,67.0,9.0,,,,,,,2023,"Harris County, TX",48201,5-digit,44111,422635000,1733665000,low,low,low
48,201,441110,G,19386,G,422635,G,1733665,240,53.0,9.0,14.0,29.0,59.0,67.0,9.0,,,,,,,2023,"Harris County, TX",48201,6-digit,441110,422635000,1733665000,low,low,low
48,201,44112/,H,2990,G,42770,G,170946,521,374.0,81.0,46.0,12.0,5.0,3.0,,,,,,,,2023,"Harris County, TX",48201,5-digit,44112,42770000,170946000,medium,low,low
48,201,441120,H,2990,G,42770,G,170946,521,374.0,81.0,46.0,12.0,5.0,3.0,,,,,,,,2023,"Harris County, TX",48201,6-digit,441120,42770000,170946000,medium,low,low
48,201,4412//,G,1176,G,17258,G,73258,94,30.0,22.0,25.0,16.0,,,,,,,,,,2023,"Harris County, TX",48201,4-digit,4412,17258000,73258000,low,low,low
48,201,44121/,J,242,H,3456,H,12904,17,5.0,3.0,5.0,4.0,,,,,,,,,,2023,"Harris County, TX",48201,5-digit,44121,3456000,12904000,high,medium,medium
48,201,441210,J,242,H,3456,H,12904,17,5.0,3.0,5.0,4.0,,,,,,,,,,2023,"Harris County, TX",48201,6-digit,441210,3456000,12904000,high,medium,medium
48,201,44122/,G,934,G,13802,G,60354,77,25.0,19.0,20.0,12.0,,,,,,,,,,2023,"Harris County, TX",48201,5-digit,44122,13802000,60354000,low,low,low
48,201,441222,G,213,G,3581,G,16378,20,7.0,5.0,5.0,3.0,,,,,,,,,,2023,"Harris County, TX",48201,6-digit,441222,3581000,16378000,low,low,low
48,201,441228,G,721,G,10221,G,43976,57,18.0,14.0,15.0,9.0,,,,,,,,,,2023,"Harris County, TX",48201,6-digit,441228,10221000,43976000,low,low,low
48,201,4413//,G,8401,G,78954,G,334676,854,286.0,223.0,263.0,73.0,8.0,,,,,,,,,2023,"Harris County, TX",48201,4-digit,4413,78954000,334676000,low,low,low
48,201,44131/,G,5878,G,48331,G,198210,602,199.0,156.0,195.0,44.0,7.0,,,,,,,,,2023,"Harris County, TX",48201,5-digit,44131,48331000,198210000,low,low,low
48,201,441310,G,5878,G,48331,G,198210,602,199.0,156.0,195.0,44.0,7.0,,,,,,,,,2023,"Harris County, TX",48201,6-digit,441310,48331000,198210000,low,low,low
48,201,44132/,G,2523,G,30623,G,136466,252,87.0,67.0,68.0,29.0,,,,,,,,,,2023,"Harris County, TX",48201,5-digit,44132,30623000,136466000,low,low,low
48,201,441320,G,2523,G,30623,G,136466,252,87.0,67.0,68.0,29.0,,,,,,,,,,2023,"Harris County, TX",48201,6-digit,441320,30623000,136466000,low,low,low
48,201,442///,G,7120,G,66503,G,266039,558,281.0,142.0,57.0,58.0,14.0,,3.0,,,,,,,2023,"Harris County, TX",48201,3-digit,442,66503000,266039000,low,low,low
48,201,4421//,G,2809,H,37486,G,146325,304,165.0,81.0,33.0,19.0,3.0,,,,,,,,,2023,"Harris County, TX",48201,4-digit,4421,37486000,146325000,low,medium,low
48,201,44211/,G,2809,H,37486,G,146325,304,165.0,81.0,33.0,19.0,3.0,,,,,,,,,2023,"Harris County, TX",48201,5-digit,44211,37486000,146325000,low,medium,low
48,201,442110,G,2809,H,37486,G,146325,304,165.0,81.0,33.0,19.0,3.0,,,,,,,,,2023,"Harris County, TX",48201,6-digit,442110,37486000,146325000,low,medium,low
48,201,4422//,G,4311,G,29017,G,119714,254,116.0,61.0,24.0,39.0,11.0,,,,,,,,,2023,"Harris County, TX",48201,4-digit,4422,29017000,119714000,low,low,low
48,201,44221/,H,1044,H,12864,H,55922,101,60.0,20.0,6.0,8.0,7.0,,,,,,,,,2023,"Harris County, TX",48201,5-digit,44221,12864000,55922000,medium,medium,medium
48,201,442210,H,1044,H,12864,H,55922,101,60.0,20.0,6.0,8.0,7.0,,,,,,,,,2023,"Harris County, TX",48201,6-digit,442210,12864000,55922000,medium,medium,medium
48,201,44229/,G,3267,G,16153,G,63792,153,56.0,41.0,18.0,31.0,4.0,,,,,,,,,2023,"Harris County, TX",48201,5-digit,44229,16153000,63792000,low,low,low
48,201,442291,H,95,G,1494,G,7419,20,14.0,4.0,,,,,,,,,,,,2023,"Harris County, TX",48201,6-digit,442291,1494000,7419000,medium,low,low
48,201,442299,G,3172,G,14659,G,56373,133,42.0,37.0,17.0,30.0,4.0,,,,,,,,,2023,"Harris County, TX",48201,6-digit,442299,14659000,56373000,low,low,low
48,201,443///,H,3268,H,35986,H,136152,275,134.0,60.0,33.0,33.0,9.0,6.0,,,,,,,,2023,"Harris County, TX",48201,3-digit,443,35986000,136152000,medium,medium,medium
48,201,4431//,H,3268,H,35986,H,136152,275,134.0,60.0,33.0,33.0,9.0,6.0,,,,,,,,2023,"Harris County, TX",48201,4-digit,4431,35986000,136152000,medium,medium,medium
48,201,44314/,H,3268,H,35986,H,136152,275,134.0,60.0,33.0,33.0,9.0,6.0,,,,,,,,2023,"Harris County, TX",48201,5-digit,44314,35986000,136152000,medium,medium,medium
48,201,443141,J,887,H,11111,H,47506,75,25.0,16.0,17.0,16.0,,,,,,,,,,2023,"Harris County, TX",48201,6-digit,443141,11111000,47506000,high,medium,medium
48,201,443142,H,2381,H,24875,H,88646,200,109.0,44.0,16.0,17.0,9.0,5.0,,,,,,,,2023,"Harris County, TX",48201,6-digit,443142,24875000,88646000,medium,medium,medium
48,201,444///,H,15340,H,153628,H,627377,613,230.0,146.0,104.0,65.0,16.0,50.0,,,,,,,,2023,"Harris County, TX",48201,3-digit,444,153628000,627377000,medium,medium,medium
48,201,4441//,H,14022,H,140044,H,569784,498,186.0,119.0,79.0,49.0,14.0,49.0,,,,,,,,2023,"Harris County, TX",48201,4-digit,4441,140044000,569784000,medium,medium,medium
48,201,44411/,J,9354,J,71726,J,274592,54,3.0,,,,,46.0,,,,,,,,2023,"Harris County, TX",48201,5-digit,44411,71726000,274592000,high,high,high
48,201,444110,J,9354,J,71726,J,274592,54,3.0,,,,,46.0,,,,,,,,2023,"Harris County, TX",48201,6-digit,444110,71726000,274592000,high,high,high
48,201,44412/,H,620,H,9598,H,33089,100,35.0,52.0,12.0,,,,,,,,,,,2023,"Harris County, TX",48201,5-digit,44412,9598000,33089000,medium,medium,medium
48,201,444120,H,620,H,9598,H,33089,100,35.0,52.0,12.0,,,,,,,,,,,2023,"Harris County, TX",48201,6-digit,444120,9598000,33089000,medium,medium,medium
48,201,44413/,G,1335,G,11499,G,48769,126,50.0,22.0,33.0,18.0,3.0,,,,,,,,,2023,"Harris County, TX",48201,5-digit,44413,11499000,48769000,low,low,low
48,201,444130,G,1335,G,11499,G,48769,126,50.0,22.0,33.0,18.0,3.0,,,,,,,,,2023,"Harris County, TX",48201,6-digit,444130,11499000,48769000,low,low,low
48,201,44419/,G,2713,G,47221,G,213334,218,98.0,45.0,34.0,28.0,10.0,3.0,,,,,,,,2023,"Harris County, TX",48201,5-digit,44419,47221000,213334000,low,low,low
48,201,444190,G,2713,G,47221,G,213334,218,98.0,45.0,34.0,28.0,10.0,3.0,,,,,,,,2023,"Harris County, TX",48201,6-digit,444190,47221000,213334000,low,low,low
48,201,4442//,G,1318,G,13584,H,57593,115,44.0,27.0,25.0,16.0,,,,,,,,,,2023,"Harris County, TX",48201,4-digit,4442,13584000,57593000,low,low,medium
48,201,44421/,H,170,H,1732,H,7586,29,14.0,9.0,5.0,,,,,,,,,,,2023,"Harris County, TX",48201,5-digit,44421,1732000,7586000,medium,medium,medium
48,201,444210,H,170,H,1732,H,7586,29,14.0,9.0,5.0,,,,,,,,,,,2023,"Harris County, TX",48201,6-digit,444210,1732000,7586000,medium,medium,medium
48,201,44422/,G,1148,G,11852,G,50007,86,30.0,18.0,20.0,15.0,,,,,,,,,,2023,"Harris County, TX",48201,5-digit,44422,11852000,50007000,low,low,low
48,201,444220,G,1148,G,11852,G,50007,86,30.0,18.0,20.0,15.0,,,,,,,,,,2023,"Harris County, TX",48201,6-digit,444220,11852000,50007000,low,low,low
48,201,445///,G,48667,G,336166,G,1423866,2221,1387.0,265.0,155.0,175.0,107.0,94.0,32.0,6.0,,,,,,2023,"Harris County, TX",48201,3-digit,445,336166000,1423866000,low,low,low
48,201,4451//,G,44631,G,308066,G,1310051,1586,965.0,167.0,86.0,134.0,103.0,93.0,32.0,6.0,,,,,,2023,"Harris County, TX",48201,4-digit,4451,308066000,1310051000,low,low,low
48,201,44511/,G,42577,G,295047,G,1255931,805,277.0,91.0,73.0,130.0,103.0,93.0,32.0,6.0,,,,,,2023,"Harris County, TX",48201,5-digit,44511,295047000,1255931000,low,low,low
48,201,445110,G,42577,G,295047,G,1255931,805,277.0,91.0,73.0,130.0,103.0,93.0,32.0,6.0,,,,,,2023,"Harris County, TX",48201,6-digit,445110,295047000,1255931000,low,low,low
48,201,44512/,J,2054,H,13019,G,54120,781,688.0,76.0,13.0,4.0,,,,,,,,,,2023,"Harris County, TX",48201,5-digit,44512,13019000,54120000,high,medium,low
48,201,445120,J,2054,H,13019,G,54120,781,688.0,76.0,13.0,4.0,,,,,,,,,,2023,"Harris County, TX",48201,6-digit,445120,13019000,54120000,high,medium,low
48,201,4452//,G,2131,G,13419,G,54574,260,142.0,51.0,39.0,24.0,4.0,,,,,,,,,2023,"Harris County, TX",48201,4-digit,4452,13419000,54574000,low,low,low
48,201,44521/,G,1515,G,9935,G,39412,118,40.0,26.0,30.0,18.0,4.0,,,,,,,,,2023,"Harris County, TX",48201,5-digit,44521,9935000,39412000,low,low,low
48,201,445210,G,1515,G,9935,G,39412,118,40.0,26.0,30.0,18.0,4.0,,,,,,,,,2023,"Harris County, TX",48201,6-digit,445210,9935000,39412000,low,low,low
48,201,44522/,J,47,H,381,H,1765,16,13.0,3.0,,,,,,,,,,,,2023,"Harris County, TX",48201,5-digit,44522,381000,1765000,high,medium,medium
48,201,445220,J,47,H,381,H,1765,16,13.0,3.0,,,,,,,,,,,,2023,"Harris County, TX",48201,6-digit,445220,381000,1765000,high,medium,medium
48,201,44523/,J,107,G,765,G,2997,42,37.0,4.0,,,,,,,,,,,,2023,"Harris County, TX",48201,5-digit,44523,765000,2997000,high,low,low
48,201,445230,J,107,G,765,G,2997,42,37.0,4.0,,,,,,,,,,,,2023,"Harris County, TX",48201,6-digit,445230,765000,2997000,high,low,low
48,201,44529/,G,462,G,2338,G,10400,84,52.0,18.0,9.0,5.0,,,,,,,,,,2023,"Harris County, TX",48201,5-digit,44529,2338000,10400000,low,low,low
48,201,445291,H,187,G,910,G,3999,25,16.0,,4.0,4.0,,,,,,,,,,2023,"Harris County, TX",48201,6-digit,445291,910000,3999000,medium,low,low
48,201,445292,H,84,G,410,G,1704,24,15.0,8.0,,,,,,,,,,,,2023,"Harris County, TX",48201,6-digit,445292,410000,1704000,medium,low,low
48,201,445299,G,191,G,1018,G,4697,35,21.0,9.0,4.0,,,,,,,,,,,2023,"Harris County, TX",48201,6-digit,445299,1018000,4697000,low,low,low
48,201,4453//,G,1905,G,14681,G,59241,375,280.0,47.0,30.0,17.0,,,,,,,,,,2023,"Harris County, TX",48201,4-digit,4453,14681000,59241000,low,low,low
48,201,44531/,G,1905,G,14681,G,59241,375,280.0,47.0,30.0,17.0,,,,,,,,,,2023,"Harris County, TX",48201,5-digit,44531,14681000,59241000,low,low,low
48,201,445310,G,1905,G,14681,G,59241,375,280.0,47.0,30.0,17.0,,,,,,,,,,2023,"Harris County, TX",48201,6-digit,445310,14681000,59241000,low,low,low
48,201,446///,G,15409,G,151498,G,605421,1337,586.0,278.0,105.0,346.0,22.0,,,,,,,,,2023,"Harris County, TX",48201,3-digit,446,151498000,605421000,low,low,low
48,201,4461//,G,15409,G,151498,G,605421,1337,586.0,278.0,105.0,346.0,22.0,,,,,,,,,2023,"Harris County, TX",48201,4-digit,4461,151498000,605421000,low,low,low
48,201,44611/,G,9490,G,106464,G,420545,594,188.0,75.0,32.0,293.0,6.0,,,,,,,,,2023,"Harris County, TX",48201,5-digit,44611,106464000,420545000,low,low,low
48,201,446110,G,9490,G,106464,G,420545,594,188.0,75.0,32.0,293.0,6.0,,,,,,,,,2023,"Harris County, TX",48201,6-digit,446110,106464000,420545000,low,low,low
48,201,44612/,G,3389,G,18791,G,77170,348,171.0,85.0,41.0,41.0,10.0,,,,,,,,,2023,"Harris County, TX",48201,5-digit,44612,18791000,77170000,low,low,low
48,201,446120,G,3389,G,18791,G,77170,348,171.0,85.0,41.0,41.0,10.0,,,,,,,,,2023,"Harris County, TX",48201,6-digit,446120,18791000,77170000,low,low,low
48,201,44613/,H,1087,H,10317,H,40521,190,102.0,64.0,22.0,,,,,,,,,,,2023,"Harris County, TX",48201,5-digit,44613,10317000,40521000,medium,medium,medium
48,201,446130,H,1087,H,10317,H,40521,190,102.0,64.0,22.0,,,,,,,,,,,2023,"Harris County, TX",48201,6-digit,446130,10317000,40521000,medium,medium,medium
48,201,44619/,G,1443,G,15926,G,67185,205,125.0,54.0,10.0,10.0,6.0,,,,,,,,,2023,"Harris County, TX",48201,5-digit,44619,15926000,67185000,low,low,low
48,201,446191,G,477,G,3439,G,13404,114,77.0,30.0,5.0,,,,,,,,,,,2023,"Harris County, TX",48201,6-digit,446191,3439000,13404000,low,low,low
48,201,446199,G,966,G,12487,G,53781,91,48.0,24.0,5.0,8.0,6.0,,,,,,,,,2023,"Harris County, TX",48201,6-digit,446199,12487000,53781000,low,low,low
48,201,447///,G,12032,G,82514,G,334266,1909,1137.0,490.0,200.0,70.0,8.0,,,,,,,,,2023,"Harris County, TX",48201,3-digit,447,82514000,334266000,low,low,low
48,201,4471//,G,12032,G,82514,G,334266,1909,1137.0,490.0,200.0,70.0,8.0,,,,,,,,,2023,"Harris County, TX",48201,4-digit,4471,82514000,334266000,low,low,low
48,201,44711/,G,10888,G,71846,G,296568,1775,1064.0,460.0,185.0,57.0,5.0,,,,,,,,,2023,"Harris County, TX",48201,5-digit,44711,71846000,296568000,low,low,low
48,201,447110,G,10888,G,71846,G,296568,1775,1064.0,460.0,185.0,57.0,5.0,,,,,,,,,2023,"Harris County, TX",48201,6-digit,447110,71846000,296568000,low,low,low
48,201,44719/,H,1144,G,10668,G,37698,134,73.0,30.0,15.0,13.0,3.0,,,,,,,,,2023,"Harris County, TX",48201,5-digit,44719,10668000,37698000,medium,low,low
48,201,447190,H,1144,G,10668,G,37698,134,73.0,30.0,15.0,13.0,3.0,,,,,,,,,2023,"Harris County, TX",48201,6-digit,447190,10668000,37698000,medium,low,low
48,201,448///,G,27778,G,167458,G,690250,1822,584.0,467.0,388.0,252.0,116.0,13.0,,,,,,,,2023,"Harris County, TX",48201,3-digit,448,167458000,690250000,low,low,low
48,201,4481//,G,21076,G,116586,G,480131,1218,355.0,299.0,255.0,202.0,93.0,12.0,,,,,,,,2023,"Harris County, TX",48201,4-digit,4481,116586000,480131000,low,low,low
48,201,44811/,G,746,G,6257,G,25208,98,41.0,26.0,28.0,3.0,,,,,,,,,,2023,"Harris County, TX",48201,5-digit,44811,6257000,25208000,low,low,low
48,201,448110,G,746,G,6257,G,25208,98,41.0,26.0,28.0,3.0,,,,,,,,,,2023,"Harris County, TX",48201,6-digit,448110,6257000,25208000,low,low,low
48,201,44812/,G,3541,G,22960,G,89757,354,118.0,100.0,99.0,33.0,3.0,,,,,,,,,2023,"Harris County, TX",48201,5-digit,44812,22960000,89757000,low,low,low
48,201,448120,G,3541,G,22960,G,89757,354,118.0,100.0,99.0,33.0,3.0,,,,,,,,,2023,"Harris County, TX",48201,6-digit,448120,22960000,89757000,low,low,low
48,201,44813/,J,440,H,3069,H,11205,60,15.0,24.0,19.0,,,,,,,,,,,2023,"Harris County, TX",48201,5-digit,44813,3069000,11205000,high,medium,medium
48,201,448130,J,440,H,3069,H,11205,60,15.0,24.0,19.0,,,,,,,,,,,2023,"Harris County, TX",48201,6-digit,448130,3069000,11205000,high,medium,medium
48,201,44814/,G,13781,G,64518,G,273872,439,66.0,73.0,67.0,137.0,83.0,12.0,,,,,,,,2023,"Harris County, TX",48201,5-digit,44814,64518000,273872000,low,low,low
48,201,448140,G,13781,G,64518,G,273872,439,66.0,73.0,67.0,137.0,83.0,12.0,,,,,,,,2023,"Harris County, TX",48201,6-digit,448140,64518000,273872000,low,low,low
48,201,44815/,G,1186,G,10980,G,41983,135,55.0,41.0,24.0,14.0,,,,,,,,,,2023,"Harris County, TX",48201,5-digit,44815,10980000,41983000,low,low,low
48,201,448150,G,1186,G,10980,G,41983,135,55.0,41.0,24.0,14.0,,,,,,,,,,2023,"Harris County, TX",48201,6-digit,448150,10980000,41983000,low,low,low
48,201,44819/,H,1382,G,8802,G,38106,132,60.0,35.0,18.0,13.0,6.0,,,,,,,,,2023,"Harris County, TX",48201,5-digit,44819,8802000,38106000,medium,low,low
48,201,448190,H,1382,G,8802,G,38106,132,60.0,35.0,18.0,13.0,6.0,,,,,,,,,2023,"Harris County, TX",48201,6-digit,448190,8802000,38106000,medium,low,low
48,201,4482//,G,4268,G,24043,G,98578,271,43.0,90.0,87.0,35.0,15.0,,,,,,,,,2023,"Harris County, TX",48201,4-digit,4482,24043000,98578000,low,low,low
48,201,44821/,G,4268,G,24043,G,98578,271,43.0,90.0,87.0,35.0,15.0,,,,,,,,,2023,"Harris County, TX",48201,5-digit,44821,24043000,98578000,low,low,low
48,201,448210,G,4268,G,24043,G,98578,271,43.0,90.0,87.0,35.0,15.0,,,,,,,,,2023,"Harris County, TX",48201,6-digit,448210,24043000,98578000,low,low,low
48,201,4483//,H,2434,G,26829,G,111541,333,186.0,78.0,46.0,15.0,8.0,,,,,,,,,2023,"Harris County, TX",48201,4-digit,4483,26829000,111541000,medium,low,low
48,201,44831/,H,2317,G,24213,G,101023,321,180.0,75.0,44.0,14.0,8.0,,,,,,,,,2023,"Harris County, TX",48201,5-digit,44831,24213000,101023000,medium,low,low
48,201,448310,H,2317,G,24213,G,101023,321,180.0,75.0,44.0,14.0,8.0,,,,,,,,,2023,"Harris County, TX",48201,6-digit,448310,24213000,101023000,medium,low,low
48,201,44832/,J,117,J,2616,J,10518,12,6.0,3.0,,,,,,,,,,,,2023,"Harris County, TX",48201,5-digit,44832,2616000,10518000,high,high,high
48,201,448320,J,117,J,2616,J,10518,12,6.0,3.0,,,,,,,,,,,,2023,"Harris County, TX",48201,6-digit,448320,2616000,10518000,high,high,high
48,201,451///,G,7143,G,49342,G,190178,417,156.0,82.0,73.0,71.0,23.0,12.0,,,,,,,,2023,"Harris County, TX",48201,3-digit,451,49342000,190178000,low,low,low
48,201,4511//,G,6458,H,45385,G,172648,350,128.0,63.0,61.0,64.0,23.0,11.0,,,,,,,,2023,"Harris County, TX",48201,4-digit,4511,45385000,172648000,low,medium,low
48,201,45111/,H,4353,H,33001,H,119808,176,65.0,31.0,25.0,21.0,23.0,11.0,,,,,,,,2023,"Harris County, TX",48201,5-digit,45111,33001000,119808000,medium,medium,medium
48,201,451110,H,4353,H,33001,H,119808,176,65.0,31.0,25.0,21.0,23.0,11.0,,,,,,,,2023,"Harris County, TX",48201,6-digit,451110,33001000,119808000,medium,medium,medium
48,201,45112/,G,1336,G,7256,G,31082,98,37.0,14.0,16.0,31.0,,,,,,,,,,2023,"Harris County, TX",48201,5-digit,45112,7256000,31082000,low,low,low
48,201,451120,G,1336,G,7256,G,31082,98,37.0,14.0,16.0,31.0,,,,,,,,,,2023,"Harris County, TX",48201,6-digit,451120,7256000,31082000,low,low,low
48,201,45113/,H,321,H,1592,H,6430,31,10.0,8.0,7.0,6.0,,,,,,,,,,2023,"Harris County, TX",48201,5-digit,45113,1592000,6430000,medium,medium,medium
48,201,451130,H,321,H,1592,H,6430,31,10.0,8.0,7.0,6.0,,,,,,,,,,2023,"Harris County, TX",48201,6-digit,451130,1592000,6430000,medium,medium,medium
48,201,45114/,J,448,H,3536,H,15328,45,16.0,10.0,13.0,6.0,,,,,,,,,,2023,"Harris County, TX",48201,5-digit,45114,3536000,15328000,high,medium,medium
48,201,451140,J,448,H,3536,H,15328,45,16.0,10.0,13.0,6.0,,,,,,,,,,2023,"Harris County, TX",48201,6-digit,451140,3536000,15328000,high,medium,medium
48,201,4512//,H,685,G,3957,G,17530,67,28.0,19.0,12.0,7.0,,,,,,,,,,2023,"Harris County, TX",48201,4-digit,4512,3957000,17530000,medium,low,low
48,201,45121/,H,685,G,3957,G,17530,67,28.0,19.0,12.0,7.0,,,,,,,,,,2023,"Harris County, TX",48201,5-digit,45121,3957000,17530000,medium,low,low
48,201,451211,J,461,H,2450,H,10091,56,22.0,16.0,11.0,7.0,,,,,,,,,,2023,"Harris County, TX",48201,6-digit,451211,2450000,10091000,high,medium,medium
48,201,451212,H,224,H,1507,H,7439,11,6.0,3.0,,,,,,,,,,,,2023,"Harris County, TX",48201,6-digit,451212,1507000,7439000,medium,medium,medium
48,201,452///,H,29746,H,258023,H,943933,625,76.0,199.0,209.0,38.0,10.0,48.0,45.0,,,,,,,2023,"Harris County, TX",48201,3-digit,452,258023000,943933000,medium,medium,medium
48,201,4522//,J,2908,J,24367,H,103582,27,,,,5.0,10.0,9.0,3.0,,,,,,,2023,"Harris County, TX",48201,4-digit,4522,24367000,103582000,high,high,medium
48,201,45221/,J,2908,J,24367,H,103582,27,,,,5.0,10.0,9.0,3.0,,,,,,,2023,"Harris County, TX",48201,5-digit,45221,24367000,103582000,high,high,medium
48,201,452210,J,2908,J,24367,H,103582,27,,,,5.0,10.0,9.0,3.0,,,,,,,2023,"Harris County, TX",48201,6-digit,452210,24367000,103582000,high,high,medium
48,201,4523//,H,26838,H,233656,H,840351,598,76.0,199.0,209.0,33.0,,39.0,42.0,,,,,,,2023,"Harris County, TX",48201,4-digit,4523,233656000,840351000,medium,medium,medium
48,201,45231/,H,26838,H,233656,H,840351,598,76.0,199.0,209.0,33.0,,39.0,42.0,,,,,,,2023,"Harris County, TX",48201,5-digit,45231,233656000,840351000,medium,medium,medium
48,201,452311,H,21379,J,209677,H,741700,82,,,,,,38.0,42.0,,,,,,,2023,"Harris County, TX",48201,6-digit,452311,209677000,741700000,medium,high,medium
48,201,452319,H,5459,G,23979,G,98651,516,75.0,199.0,209.0,32.0,,,,,,,,,,2023,"Harris County, TX",48201,6-digit,452319,23979000,98651000,medium,low,low
48,201,453///,G,9435,G,65423,G,277835,1250,701.0,239.0,180.0,119.0,8.0,3.0,,,,,,,,2023,"Harris County, TX",48201,3-digit,453,65423000,277835000,low,low,low
48,201,4531//,G,449,G,3790,G,15864,88,45.0,32.0,10.0,,,,,,,,,,,2023,"Harris County, TX",48201,4-digit,4531,3790000,15864000,low,low,low
48,201,45311/,G,449,G,3790,G,15864,88,45.0,32.0,10.0,,,,,,,,,,,2023,"Harris County, TX",48201,5-digit,45311,3790000,15864000,low,low,low
48,201,453110,G,449,G,3790,G,15864,88,45.0,32.0,10.0,,,,,,,,,,,2023,"Harris County, TX",48201,6-digit,453110,3790000,15864000,low,low,low
48,201,4532//,G,2444,G,14200,G,59352,270,138.0,36.0,68.0,22.0,4.0,,,,,,,,,2023,"Harris County, TX",48201,4-digit,4532,14200000,59352000,low,low,low
48,201,45321/,J,579,H,3394,H,14231,59,20.0,4.0,28.0,7.0,,,,,,,,,,2023,"Harris County, TX",48201,5-digit,45321,3394000,14231000,high,medium,medium
48,201,453210,J,579,H,3394,H,14231,59,20.0,4.0,28.0,7.0,,,,,,,,,,2023,"Harris County, TX",48201,6-digit,453210,3394000,14231000,high,medium,medium
48,201,45322/,G,1865,G,10806,G,45121,211,118.0,32.0,40.0,15.0,4.0,,,,,,,,,2023,"Harris County, TX",48201,5-digit,45322,10806000,45121000,low,low,low
48,201,453220,G,1865,G,10806,G,45121,211,118.0,32.0,40.0,15.0,4.0,,,,,,,,,2023,"Harris County, TX",48201,6-digit,453220,10806000,45121000,low,low,low
48,201,4533//,G,2702,G,16327,G,68693,215,77.0,45.0,31.0,60.0,,,,,,,,,,2023,"Harris County, TX",48201,4-digit,4533,16327000,68693000,low,low,low
48,201,45331/,G,2702,G,16327,G,68693,215,77.0,45.0,31.0,60.0,,,,,,,,,,2023,"Harris County, TX",48201,5-digit,45331,16327000,68693000,low,low,low
48,201,453310,G,2702,G,16327,G,68693,215,77.0,45.0,31.0,60.0,,,,,,,,,,2023,"Harris County, TX",48201,6-digit,453310,16327000,68693000,low,low,low
48,201,4539//,G,3840,G,31106,G,133926,677,441.0,126.0,71.0,36.0,,,,,,,,,,2023,"Harris County, TX",48201,4-digit,4539,31106000,133926000,low,low,low
48,201,45391/,H,1784,H,12460,H,48733,124,26.0,28.0,36.0,33.0,,,,,,,,,,2023,"Harris County, TX",48201,5-digit,45391,12460000,48733000,medium,medium,medium
48,201,453910,H,1784,H,12460,H,48733,124,26.0,28.0,36.0,33.0,,,,,,,,,,2023,"Harris County, TX",48201,6-digit,453910,12460000,48733000,medium,medium,medium
48,201,45392/,H,83,H,1219,G,5339,35,29.0,5.0,,,,,,,,,,,,2023,"Harris County, TX",48201,5-digit,45392,1219000,5339000,medium,medium,low
48,201,453920,H,83,H,1219,G,5339,35,29.0,5.0,,,,,,,,,,,,2023,"Harris County, TX",48201,6-digit,453920,1219000,5339000,medium,medium,low
48,201,45393/,J,71,H,1600,H,7238,12,4.0,8.0,,,,,,,,,,,,2023,"Harris County, TX",48201,5-digit,45393,1600000,7238000,high,medium,medium
48,201,453930,J,71,H,1600,H,7238,12,4.0,8.0,,,,,,,,,,,,2023,"Harris County, TX",48201,6-digit,453930,1600000,7238000,high,medium,medium
48,201,45399/,G,1902,G,15827,G,72616,506,382.0,85.0,34.0,3.0,,,,,,,,,,2023,"Harris County, TX",48201,5-digit,45399,15827000,72616000,low,low,low
48,201,453991,G,717,G,4149,G,17176,226,181.0,31.0,13.0,,,,,,,,,,,2023,"Harris County, TX",48201,6-digit,453991,4149000,17176000,low,low,low
48,201,453998,G,1185,G,11678,G,55440,280,201.0,54.0,21.0,,,,,,,,,,,2023,"Harris County, TX",48201,6-digit,453998,11678000,55440000,low,low,low
48,201,454///,G,5854,G,71404,G,309013,877,642.0,127.0,56.0,36.0,8.0,6.0,,,,,,,,2023,"Harris County, TX",48201,3-digit,454,71404000,309013000,low,low,low
48,201,4541//,G,4021,G,48200,G,219152,604,459.0,80.0,34.0,21.0,3.0,5.0,,,,,,,,2023,"Harris County, TX",48201,4-digit,4541,48200000,219152000,low,low,low
48,201,45411/,G,4021,G,48200,G,219152,604,459.0,80.0,34.0,21.0,3.0,5.0,,,,,,,,2023,"Harris County, TX",48201,5-digit,45411,48200000,219152000,low,low,low
48,201,454110,G,4021,G,48200,G,219152,604,459.0,80.0,34.0,21.0,3.0,5.0,,,,,,,,2023,"Harris County, TX",48201,6-digit,454110,48200000,219152000,low,low,low
48,201,4542//,H,301,H,3097,H,12370,40,28.0,6.0,3.0,,,,,,,,,,,2023,"Harris County, TX",48201,4-digit,4542,3097000,12370000,medium,medium,medium
48,201,45421/,H,301,H,3097,H,12370,40,28.0,6.0,3.0,,,,,,,,,,,2023,"Harris County, TX",48201,5-digit,45421,3097000,12370000,medium,medium,medium
48,201,454210,H,301,H,3097,H,12370,40,28.0,6.0,3.0,,,,,,,,,,,2023,"Harris County, TX",48201,6-digit,454210,3097000,12370000,medium,medium,medium
48,201,4543//,H,1532,G,20107,G,77491,233,155.0,41.0,19.0,13.0,5.0,,,,,,,,,2023,"Harris County, TX",48201,4-digit,4543,20107000,77491000,medium,low,low
48,201,45431/,G,43,H,687,G,3044,11,7.0,4.0,,,,,,,,,,,,2023,"Harris County, TX",48201,5-digit,45431,687000,3044000,low,medium,low
48,201,454310,G,43,H,687,G,3044,11,7.0,4.0,,,,,,,,,,,,2023,"Harris County, TX",48201,6-digit,454310,687000,3044000,low,medium,low
48,201,45439/,H,1489,G,19420,G,74447,222,148.0,37.0,19.0,13.0,5.0,,,,,,,,,2023,"Harris County, TX",48201,5-digit,45439,19420000,74447000,medium,low,low
48,201,454390,H,1489,G,19420,G,74447,222,148.0,37.0,19.0,13.0,5.0,,,,,,,,,2023,"Harris County, TX",48201,6-digit,454390,19420000,74447000,medium,low,low
48,201,48----,H,122191,H,2417321,H,9082172,4172,2480.0,491.0,439.0,358.0,176.0,152.0,49.0,16.0,11.0,,5.0,4.0,,2023,"Harris County, TX",48201,2-digit,48,2417321000,9082172000,medium,medium,medium
48,201,481///,J,19311,J,498688,J,2044714,89,39.0,5.0,14.0,13.0,4.0,9.0,,,,,,,,2023,"Harris County, TX",48201,3-digit,481,498688000,2044714000,high,high,high
48,201,4811//,J,18079,J,469419,J,1917488,45,14.0,4.0,8.0,4.0,3.0,8.0,,,,,,,,2023,"Harris County, TX",48201,4-digit,4811,469419000,1917488000,high,high,high
48,201,48111/,J,18079,J,469419,J,1917488,45,14.0,4.0,8.0,4.0,3.0,8.0,,,,,,,,2023,"Harris County, TX",48201,5-digit,48111,469419000,1917488000,high,high,high
48,201,481111,J,17881,J,467318,J,1905451,35,11.0,3.0,5.0,,3.0,7.0,,,,,,,,2023,"Harris County, TX",48201,6-digit,481111,467318000,1905451000,high,high,high
48,201,481112,J,198,H,2101,J,12037,10,3.0,,3.0,,,,,,,,,,,2023,"Harris County, TX",48201,6-digit,481112,2101000,12037000,high,medium,high
48,201,4812//,H,1232,H,29269,H,127226,44,25.0,,6.0,9.0,,,,,,,,,,2023,"Harris County, TX",48201,4-digit,4812,29269000,127226000,medium,medium,medium
48,201,48121/,H,1232,H,29269,H,127226,44,25.0,,6.0,9.0,,,,,,,,,,2023,"Harris County, TX",48201,5-digit,48121,29269000,127226000,medium,medium,medium
48,201,481211,H,1176,H,27789,H,120467,32,16.0,,3.0,9.0,,,,,,,,,,2023,"Harris County, TX",48201,6-digit,481211,27789000,120467000,medium,medium,medium
48,201,481212,H,35,G,661,G,3025,8,6.0,,,,,,,,,,,,,2023,"Harris County, TX",48201,6-digit,481212,661000,3025000,medium,low,low
48,201,481219,J,21,J,819,J,3734,4,3.0,,,,,,,,,,,,,2023,"Harris County, TX",48201,6-digit,481219,819000,3734000,high,high,high
48,201,483///,H,4312,H,162811,H,574032,67,30.0,7.0,9.0,,8.0,9.0,,,,,,,,2023,"Harris County, TX",48201,3-digit,483,162811000,574032000,medium,medium,medium
48,201,4831//,G,2291,H,90731,G,321021,49,22.0,4.0,6.0,,7.0,7.0,,,,,,,,2023,"Harris County, TX",48201,4-digit,4831,90731000,321021000,low,medium,low
48,201,48311/,G,2291,H,90731,G,321021,49,22.0,4.0,6.0,,7.0,7.0,,,,,,,,2023,"Harris County, TX",48201,5-digit,48311,90731000,321021000,low,medium,low
48,201,483111,G,573,G,25126,G,88732,23,13.0,,3.0,,3.0,,,,,,,,,2023,"Harris County, TX",48201,6-digit,483111,25126000,88732000,low,low,low
48,201,483112,J,6,J,127,H,631,3,3.0,,,,,,,,,,,,,2023,"Harris County, TX",48201,6-digit,483112,127000,631000,high,high,medium
48,201,483113,G,1709,H,65331,G,231125,20,3.0,,3.0,,4.0,5.0,,,,,,,,2023,"Harris County, TX",48201,6-digit,483113,65331000,231125000,low,medium,low
48,201,483114,J,3,H,147,H,533,3,3.0,,,,,,,,,,,,,2023,"Harris County, TX",48201,6-digit,483114,147000,533000,high,medium,medium
48,201,4832//,H,2021,J,72080,J,253011,18,8.0,3.0,3.0,,,,,,,,,,,2023,"Harris County, TX",48201,4-digit,4832,72080000,253011000,medium,high,high
48,201,48321/,H,2021,J,72080,J,253011,18,8.0,3.0,3.0,,,,,,,,,,,2023,"Harris County, TX",48201,5-digit,48321,72080000,253011000,medium,high,high
48,201,483211,H,2005,J,71358,J,250934,13,5.0,,3.0,,,,,,,,,,,2023,"Harris County, TX",48201,6-digit,483211,71358000,250934000,medium,high,high
48,201,483212,J,16,H,722,H,2077,5,3.0,,,,,,,,,,,,,2023,"Harris County, TX",48201,6-digit,483212,722000,2077000,high,medium,medium
48,201,484///,G,24353,G,409585,G,1606854,2124,1567.0,174.0,141.0,131.0,55.0,40.0,15.0,,,,,,,2023,"Harris County, TX",48201,3-digit,484,409585000,1606854000,low,low,low
48,201,4841//,G,15078,G,230212,G,913389,1593,1247.0,124.0,90.0,68.0,30.0,23.0,10.0,,,,,,,2023,"Harris County, TX",48201,4-digit,4841,230212000,913389000,low,low,low
48,201,48411/,G,3452,G,49372,G,197388,499,382.0,50.0,33.0,19.0,8.0,6.0,,,,,,,,2023,"Harris County, TX",48201,5-digit,48411,49372000,197388000,low,low,low
48,201,484110,G,3452,G,49372,G,197388,499,382.0,50.0,33.0,19.0,8.0,6.0,,,,,,,,2023,"Harris County, TX",48201,6-digit,484110,49372000,197388000,low,low,low
48,201,48412/,G,11626,G,180840,G,716001,1094,865.0,74.0,57.0,49.0,22.0,17.0,9.0,,,,,,,2023,"Harris County, TX",48201,5-digit,48412,180840000,716001000,low,low,low
48,201,484121,G,7358,G,106619,G,420762,999,810.0,71.0,49.0,40.0,16.0,10.0,,,,,,,,2023,"Harris County, TX",48201,6-digit,484121,106619000,420762000,low,low,low
48,201,484122,G,4268,G,74221,G,295239,95,55.0,3.0,8.0,9.0,6.0,7.0,7.0,,,,,,,2023,"Harris County, TX",48201,6-digit,484122,74221000,295239000,low,low,low
48,201,4842//,G,9275,G,179373,G,693465,531,320.0,50.0,51.0,63.0,25.0,17.0,5.0,,,,,,,2023,"Harris County, TX",48201,4-digit,4842,179373000,693465000,low,low,low
48,201,48421/,G,1411,G,17553,G,75640,114,57.0,17.0,16.0,19.0,4.0,,,,,,,,,2023,"Harris County, TX",48201,5-digit,48421,17553000,75640000,low,low,low
48,201,484210,G,1411,G,17553,G,75640,114,57.0,17.0,16.0,19.0,4.0,,,,,,,,,2023,"Harris County, TX",48201,6-digit,484210,17553000,75640000,low,low,low
48,201,48422/,G,3093,G,70747,G,255363,235,161.0,18.0,20.0,22.0,7.0,6.0,,,,,,,,2023,"Harris County, TX",48201,5-digit,48422,70747000,255363000,low,low,low
48,201,484220,G,3093,G,70747,G,255363,235,161.0,18.0,20.0,22.0,7.0,6.0,,,,,,,,2023,"Harris County, TX",48201,6-digit,484220,70747000,255363000,low,low,low
48,201,48423/,G,4771,G,91073,G,362462,182,102.0,15.0,15.0,22.0,14.0,10.0,4.0,,,,,,,2023,"Harris County, TX",48201,5-digit,48423,91073000,362462000,low,low,low
48,201,484230,G,4771,G,91073,G,362462,182,102.0,15.0,15.0,22.0,14.0,10.0,4.0,,,,,,,2023,"Harris County, TX",48201,6-digit,484230,91073000,362462000,low,low,low
48,201,485///,H,3520,H,35270,H,160147,162,99.0,19.0,12.0,18.0,6.0,4.0,4.0,,,,,,,2023,"Harris County, TX",48201,3-digit,485,35270000,160147000,medium,medium,medium
48,201,4852//,H,448,H,4908,H,20871,16,4.0,5.0,,3.0,,,,,,,,,,2023,"Harris County, TX",48201,4-digit,4852,4908000,20871000,medium,medium,medium
48,201,48521/,H,448,H,4908,H,20871,16,4.0,5.0,,3.0,,,,,,,,,,2023,"Harris County, TX",48201,5-digit,48521,4908000,20871000,medium,medium,medium
48,201,485210,H,448,H,4908,H,20871,16,4.0,5.0,,3.0,,,,,,,,,,2023,"Harris County, TX",48201,6-digit,485210,4908000,20871000,medium,medium,medium
48,201,4853//,H,553,H,3995,H,15386,77,60.0,6.0,3.0,5.0,,,,,,,,,,2023,"Harris County, TX",48201,4-digit,4853,3995000,15386000,medium,medium,medium
48,201,48531/,J,150,J,890,J,3561,13,12.0,,,,,,,,,,,,,2023,"Harris County, TX",48201,5-digit,48531,890000,3561000,high,high,high
48,201,485310,J,150,J,890,J,3561,13,12.0,,,,,,,,,,,,,2023,"Harris County, TX",48201,6-digit,485310,890000,3561000,high,high,high
48,201,48532/,G,403,G,3105,G,11825,64,48.0,6.0,3.0,5.0,,,,,,,,,,2023,"Harris County, TX",48201,5-digit,48532,3105000,11825000,low,low,low
48,201,485320,G,403,G,3105,G,11825,64,48.0,6.0,3.0,5.0,,,,,,,,,,2023,"Harris County, TX",48201,6-digit,485320,3105000,11825000,low,low,low
48,201,4854//,J,1096,J,13897,J,68133,15,5.0,,,4.0,,,,,,,,,,2023,"Harris County, TX",48201,4-digit,4854,13897000,68133000,high,high,high
48,201,48541/,J,1096,J,13897,J,68133,15,5.0,,,4.0,,,,,,,,,,2023,"Harris County, TX",48201,5-digit,48541,13897000,68133000,high,high,high
48,201,485410,J,1096,J,13897,J,68133,15,5.0,,,4.0,,,,,,,,,,2023,"Harris County, TX",48201,6-digit,485410,13897000,68133000,high,high,high
48,201,4855//,G,508,G,3464,G,15155,11,6.0,,,,,,,,,,,,,2023,"Harris County, TX",48201,4-digit,4855,3464000,15155000,low,low,low
48,201,48551/,G,508,G,3464,G,15155,11,6.0,,,,,,,,,,,,,2023,"Harris County, TX",48201,5-digit,48551,3464000,15155000,low,low,low
48,201,485510,G,508,G,3464,G,15155,11,6.0,,,,,,,,,,,,,2023,"Harris County, TX",48201,6-digit,485510,3464000,15155000,low,low,low
48,201,4859//,H,913,H,8985,H,40524,41,22.0,7.0,5.0,4.0,,,,,,,,,,2023,"Harris County, TX",48201,4-digit,4859,8985000,40524000,medium,medium,medium
48,201,48599/,H,913,H,8985,H,40524,41,22.0,7.0,5.0,4.0,,,,,,,,,,2023,"Harris County, TX",48201,5-digit,48599,8985000,40524000,medium,medium,medium
48,201,485991,J,632,J,6025,H,28183,21,12.0,3.0,4.0,,,,,,,,,,,2023,"Harris County, TX",48201,6-digit,485991,6025000,28183000,high,high,medium
48,201,485999,H,281,H,2960,H,12341,20,10.0,4.0,,4.0,,,,,,,,,,2023,"Harris County, TX",48201,6-digit,485999,2960000,12341000,medium,medium,medium
48,201,486///,J,7603,J,467104,J,1321632,96,28.0,13.0,11.0,21.0,11.0,7.0,,4.0,,,,,,2023,"Harris County, TX",48201,3-digit,486,467104000,1321632000,high,high,high
48,201,4861//,J,2418,H,126048,J,354673,24,7.0,3.0,4.0,,3.0,3.0,,,,,,,,2023,"Harris County, TX",48201,4-digit,4861,126048000,354673000,high,medium,high
48,201,48611/,J,2418,H,126048,J,354673,24,7.0,3.0,4.0,,3.0,3.0,,,,,,,,2023,"Harris County, TX",48201,5-digit,48611,126048000,354673000,high,medium,high
48,201,486110,J,2418,H,126048,J,354673,24,7.0,3.0,4.0,,3.0,3.0,,,,,,,,2023,"Harris County, TX",48201,6-digit,486110,126048000,354673000,high,medium,high
48,201,4862//,J,4632,J,320036,J,892704,47,12.0,8.0,5.0,10.0,6.0,3.0,,,,,,,,2023,"Harris County, TX",48201,4-digit,4862,320036000,892704000,high,high,high
48,201,48621/,J,4632,J,320036,J,892704,47,12.0,8.0,5.0,10.0,6.0,3.0,,,,,,,,2023,"Harris County, TX",48201,5-digit,48621,320036000,892704000,high,high,high
48,201,486210,J,4632,J,320036,J,892704,47,12.0,8.0,5.0,10.0,6.0,3.0,,,,,,,,2023,"Harris County, TX",48201,6-digit,486210,320036000,892704000,high,high,high
48,201,4869//,J,553,H,21020,H,74255,25,9.0,,,9.0,,,,,,,,,,2023,"Harris County, TX",48201,4-digit,4869,21020000,74255000,high,medium,medium
48,201,48691/,J,526,H,19410,H,68838,21,6.0,,,8.0,,,,,,,,,,2023,"Harris County, TX",48201,5-digit,48691,19410000,68838000,high,medium,medium
48,201,486910,J,526,H,19410,H,68838,21,6.0,,,8.0,,,,,,,,,,2023,"Harris County, TX",48201,6-digit,486910,19410000,68838000,high,medium,medium
48,201,48699/,J,27,G,1610,G,5417,4,3.0,,,,,,,,,,,,,2023,"Harris County, TX",48201,5-digit,48699,1610000,5417000,high,low,low
48,201,486990,J,27,G,1610,G,5417,4,3.0,,,,,,,,,,,,,2023,"Harris County, TX",48201,6-digit,486990,1610000,5417000,high,low,low
48,201,487///,G,18,H,185,J,750,6,4.0,,,,,,,,,,,,,2023,"Harris County, TX",48201,3-digit,487,185000,750000,low,medium,high
48,201,4872//,G,2,G,6,H,28,3,3.0,,,,,,,,,,,,,2023,"Harris County, TX",48201,4-digit,4872,6000,28000,low,low,medium
48,201,48721/,G,2,G,6,H,28,3,3.0,,,,,,,,,,,,,2023,"Harris County, TX",48201,5-digit,48721,6000,28000,low,low,medium
48,201,487210,G,2,G,6,H,28,3,3.0,,,,,,,,,,,,,2023,"Harris County, TX",48201,6-digit,487210,6000,28000,low,low,medium
48,201,488///,G,23311,G,409681,G,1581375,1037,493.0,191.0,165.0,90.0,48.0,36.0,11.0,,,,,,,2023,"Harris County, TX",48201,3-digit,488,409681000,1581375000,low,low,low
48,201,4881//,H,6931,H,70360,H,285587,97,31.0,13.0,14.0,13.0,11.0,9.0,4.0,,,,,,,2023,"Harris County, TX",48201,4-digit,4881,70360000,285587000,medium,medium,medium
48,201,48811/,H,5592,H,52239,H,211258,47,8.0,3.0,6.0,10.0,8.0,7.0,3.0,,,,,,,2023,"Harris County, TX",48201,5-digit,48811,52239000,211258000,medium,medium,medium
48,201,488119,H,5575,H,51858,H,209417,46,8.0,3.0,5.0,10.0,8.0,7.0,3.0,,,,,,,2023,"Harris County, TX",48201,6-digit,488119,51858000,209417000,medium,medium,medium
48,201,48819/,G,1339,G,18121,G,74329,50,23.0,10.0,8.0,3.0,3.0,,,,,,,,,2023,"Harris County, TX",48201,5-digit,48819,18121000,74329000,low,low,low
48,201,488190,G,1339,G,18121,G,74329,50,23.0,10.0,8.0,3.0,3.0,,,,,,,,,2023,"Harris County, TX",48201,6-digit,488190,18121000,74329000,low,low,low
48,201,4882//,H,2118,H,35667,H,139326,55,13.0,7.0,17.0,10.0,,5.0,,,,,,,,2023,"Harris County, TX",48201,4-digit,4882,35667000,139326000,medium,medium,medium
48,201,48821/,H,2118,H,35667,H,139326,55,13.0,7.0,17.0,10.0,,5.0,,,,,,,,2023,"Harris County, TX",48201,5-digit,48821,35667000,139326000,medium,medium,medium
48,201,488210,H,2118,H,35667,H,139326,55,13.0,7.0,17.0,10.0,,5.0,,,,,,,,2023,"Harris County, TX",48201,6-digit,488210,35667000,139326000,medium,medium,medium
48,201,4883//,H,3986,H,79978,H,308337,106,43.0,20.0,17.0,8.0,8.0,6.0,3.0,,,,,,,2023,"Harris County, TX",48201,4-digit,4883,79978000,308337000,medium,medium,medium
48,201,48831/,G,217,G,4071,H,18885,8,3.0,,,,,,,,,,,,,2023,"Harris County, TX",48201,5-digit,48831,4071000,18885000,low,low,medium
48,201,488310,G,217,G,4071,H,18885,8,3.0,,,,,,,,,,,,,2023,"Harris County, TX",48201,6-digit,488310,4071000,18885000,low,low,medium
48,201,48832/,H,2850,J,57082,J,200651,25,6.0,,5.0,,,5.0,3.0,,,,,,,2023,"Harris County, TX",48201,5-digit,48832,57082000,200651000,medium,high,high
48,201,488320,H,2850,J,57082,J,200651,25,6.0,,5.0,,,5.0,3.0,,,,,,,2023,"Harris County, TX",48201,6-digit,488320,57082000,200651000,medium,high,high
48,201,48833/,H,469,H,10817,H,51381,22,7.0,4.0,6.0,,,,,,,,,,,2023,"Harris County, TX",48201,5-digit,48833,10817000,51381000,medium,medium,medium
48,201,488330,H,469,H,10817,H,51381,22,7.0,4.0,6.0,,,,,,,,,,,2023,"Harris County, TX",48201,6-digit,488330,10817000,51381000,medium,medium,medium
48,201,48839/,J,450,H,8008,H,37420,51,27.0,13.0,6.0,3.0,,,,,,,,,,2023,"Harris County, TX",48201,5-digit,48839,8008000,37420000,high,medium,medium
48,201,488390,J,450,H,8008,H,37420,51,27.0,13.0,6.0,3.0,,,,,,,,,,2023,"Harris County, TX",48201,6-digit,488390,8008000,37420000,high,medium,medium
48,201,4884//,H,1120,H,17620,H,73349,141,89.0,23.0,15.0,11.0,,,,,,,,,,2023,"Harris County, TX",48201,4-digit,4884,17620000,73349000,medium,medium,medium
48,201,48841/,H,717,H,9591,H,38214,92,57.0,15.0,9.0,9.0,,,,,,,,,,2023,"Harris County, TX",48201,5-digit,48841,9591000,38214000,medium,medium,medium
48,201,488410,H,717,H,9591,H,38214,92,57.0,15.0,9.0,9.0,,,,,,,,,,2023,"Harris County, TX",48201,6-digit,488410,9591000,38214000,medium,medium,medium
48,201,48849/,H,403,J,8029,J,35135,49,32.0,8.0,6.0,,,,,,,,,,,2023,"Harris County, TX",48201,5-digit,48849,8029000,35135000,medium,high,high
48,201,488490,H,403,J,8029,J,35135,49,32.0,8.0,6.0,,,,,,,,,,,2023,"Harris County, TX",48201,6-digit,488490,8029000,35135000,medium,high,high
48,201,4885//,G,8244,G,193361,G,721352,590,297.0,116.0,98.0,42.0,23.0,12.0,,,,,,,,2023,"Harris County, TX",48201,4-digit,4885,193361000,721352000,low,low,low
48,201,48851/,G,8244,G,193361,G,721352,590,297.0,116.0,98.0,42.0,23.0,12.0,,,,,,,,2023,"Harris County, TX",48201,5-digit,48851,193361000,721352000,low,low,low
48,201,488510,G,8244,G,193361,G,721352,590,297.0,116.0,98.0,42.0,23.0,12.0,,,,,,,,2023,"Harris County, TX",48201,6-digit,488510,193361000,721352000,low,low,low
48,201,4889//,G,912,G,12695,G,53424,48,20.0,12.0,4.0,6.0,4.0,,,,,,,,,2023,"Harris County, TX",48201,4-digit,4889,12695000,53424000,low,low,low
48,201,48899/,G,912,G,12695,G,53424,48,20.0,12.0,4.0,6.0,4.0,,,,,,,,,2023,"Harris County, TX",48201,5-digit,48899,12695000,53424000,low,low,low
48,201,488991,G,851,G,11830,G,50108,38,14.0,9.0,4.0,5.0,4.0,,,,,,,,,2023,"Harris County, TX",48201,6-digit,488991,11830000,50108000,low,low,low
48,201,488999,G,61,H,865,H,3316,10,6.0,3.0,,,,,,,,,,,,2023,"Harris County, TX",48201,6-digit,488999,865000,3316000,low,medium,medium
48,201,492///,G,16456,G,140118,G,560059,231,102.0,23.0,28.0,24.0,22.0,22.0,6.0,,,,,,,2023,"Harris County, TX",48201,3-digit,492,140118000,560059000,low,low,low
48,201,4921//,H,14863,G,126925,G,502177,149,61.0,12.0,17.0,13.0,19.0,17.0,6.0,,,,,,,2023,"Harris County, TX",48201,4-digit,4921,126925000,502177000,medium,low,low
48,201,49211/,H,14863,G,126925,G,502177,149,61.0,12.0,17.0,13.0,19.0,17.0,6.0,,,,,,,2023,"Harris County, TX",48201,5-digit,49211,126925000,502177000,medium,low,low
48,201,492110,H,14863,G,126925,G,502177,149,61.0,12.0,17.0,13.0,19.0,17.0,6.0,,,,,,,2023,"Harris County, TX",48201,6-digit,492110,126925000,502177000,medium,low,low
48,201,4922//,G,1593,G,13193,G,57882,82,41.0,11.0,11.0,11.0,3.0,5.0,,,,,,,,2023,"Harris County, TX",48201,4-digit,4922,13193000,57882000,low,low,low
48,201,49221/,G,1593,G,13193,G,57882,82,41.0,11.0,11.0,11.0,3.0,5.0,,,,,,,,2023,"Harris County, TX",48201,5-digit,49221,13193000,57882000,low,low,low
48,201,492210,G,1593,G,13193,G,57882,82,41.0,11.0,11.0,11.0,3.0,5.0,,,,,,,,2023,"Harris County, TX",48201,6-digit,492210,13193000,57882000,low,low,low
48,201,493///,G,23307,G,293879,G,1232609,360,118.0,57.0,59.0,59.0,22.0,25.0,11.0,5.0,4.0,,,,,2023,"Harris County, TX",48201,3-digit,493,293879000,1232609000,low,low,low
48,201,4931//,G,23307,G,293879,G,1232609,360,118.0,57.0,59.0,59.0,22.0,25.0,11.0,5.0,4.0,,,,,2023,"Harris County, TX",48201,4-digit,4931,293879000,1232609000,low,low,low
48,201,49311/,G,17944,G,192155,G,806074,256,89.0,38.0,43.0,39.0,13.0,17.0,10.0,4.0,3.0,,,,,2023,"Harris County, TX",48201,5-digit,49311,192155000,806074000,low,low,low
48,201,493110,G,17944,G,192155,G,806074,256,89.0,38.0,43.0,39.0,13.0,17.0,10.0,4.0,3.0,,,,,2023,"Harris County, TX",48201,6-digit,493110,192155000,806074000,low,low,low
48,201,49312/,G,2565,G,34110,G,146344,20,5.0,4.0,,4.0,,,,,,,,,,2023,"Harris County, TX",48201,5-digit,49312,34110000,146344000,low,low,low
48,201,493120,G,2565,G,34110,G,146344,20,5.0,4.0,,4.0,,,,,,,,,,2023,"Harris County, TX",48201,6-digit,493120,34110000,146344000,low,low,low
48,201,49319/,G,2798,G,67614,G,280155,83,23.0,15.0,14.0,16.0,7.0,7.0,,,,,,,,2023,"Harris County, TX",48201,5-digit,49319,67614000,280155000,low,low,low
48,201,493190,G,2798,G,67614,G,280155,83,23.0,15.0,14.0,16.0,7.0,7.0,,,,,,,,2023,"Harris County, TX",48201,6-digit,493190,67614000,280155000,low,low,low
48,201,51----,G,35856,G,1182812,G,4028082,1596,865.0,247.0,219.0,122.0,65.0,52.0,16.0,9.0,,,,,,2023,"Harris County, TX",48201,2-digit,51,1182812000,4028082000,low,low,low
48,201,511///,G,9612,G,365615,G,1343526,310,157.0,50.0,37.0,27.0,14.0,15.0,8.0,,,,,,,2023,"Harris County, TX",48201,3-digit,511,365615000,1343526000,low,low,low
48,201,5111//,H,1642,H,38519,H,141031,106,60.0,20.0,13.0,7.0,5.0,,,,,,,,,2023,"Harris County, TX",48201,4-digit,5111,38519000,141031000,medium,medium,medium
48,201,51111/,H,930,J,19874,J,73356,31,13.0,8.0,5.0,3.0,,,,,,,,,,2023,"Harris County, TX",48201,5-digit,51111,19874000,73356000,medium,high,high
48,201,511110,H,930,J,19874,J,73356,31,13.0,8.0,5.0,3.0,,,,,,,,,,2023,"Harris County, TX",48201,6-digit,511110,19874000,73356000,medium,high,high
48,201,51112/,G,385,H,9407,H,41048,42,24.0,8.0,6.0,,,,,,,,,,,2023,"Harris County, TX",48201,5-digit,51112,9407000,41048000,low,medium,medium
48,201,511120,G,385,H,9407,H,41048,42,24.0,8.0,6.0,,,,,,,,,,,2023,"Harris County, TX",48201,6-digit,511120,9407000,41048000,low,medium,medium
48,201,51113/,H,207,J,7392,J,19577,12,9.0,,,,,,,,,,,,,2023,"Harris County, TX",48201,5-digit,51113,7392000,19577000,medium,high,high
48,201,511130,H,207,J,7392,J,19577,12,9.0,,,,,,,,,,,,,2023,"Harris County, TX",48201,6-digit,511130,7392000,19577000,medium,high,high
48,201,51114/,G,7,H,89,H,378,3,3.0,,,,,,,,,,,,,2023,"Harris County, TX",48201,5-digit,51114,89000,378000,low,medium,medium
48,201,511140,G,7,H,89,H,378,3,3.0,,,,,,,,,,,,,2023,"Harris County, TX",48201,6-digit,511140,89000,378000,low,medium,medium
48,201,51119/,J,113,J,1757,J,6672,18,11.0,4.0,,,,,,,,,,,,2023,"Harris County, TX",48201,5-digit,51119,1757000,6672000,high,high,high
48,201,511199,J,113,J,1757,J,6672,18,11.0,4.0,,,,,,,,,,,,2023,"Harris County, TX",48201,6-digit,511199,1757000,6672000,high,high,high
48,201,5112//,G,7970,G,327096,G,1202495,204,97.0,30.0,24.0,20.0,9.0,15.0,8.0,,,,,,,2023,"Harris County, TX",48201,4-digit,5112,327096000,1202495000,low,low,low
48,201,51121/,G,7970,G,327096,G,1202495,204,97.0,30.0,24.0,20.0,9.0,15.0,8.0,,,,,,,2023,"Harris County, TX",48201,5-digit,51121,327096000,1202495000,low,low,low
48,201,511210,G,7970,G,327096,G,1202495,204,97.0,30.0,24.0,20.0,9.0,15.0,8.0,,,,,,,2023,"Harris County, TX",48201,6-digit,511210,327096000,1202495000,low,low,low
48,201,512///,G,2597,G,15217,G,75801,193,141.0,16.0,6.0,6.0,18.0,6.0,,,,,,,,2023,"Harris County, TX",48201,3-digit,512,15217000,75801000,low,low,low
48,201,5121//,G,2474,G,13966,G,70884,150,103.0,13.0,5.0,5.0,18.0,6.0,,,,,,,,2023,"Harris County, TX",48201,4-digit,5121,13966000,70884000,low,low,low
48,201,51211/,G,286,H,4602,H,30421,98,85.0,11.0,,,,,,,,,,,,2023,"Harris County, TX",48201,5-digit,51211,4602000,30421000,low,medium,medium
48,201,512110,G,286,H,4602,H,30421,98,85.0,11.0,,,,,,,,,,,,2023,"Harris County, TX",48201,6-digit,512110,4602000,30421000,low,medium,medium
48,201,51213/,G,2155,G,8665,G,37191,36,4.0,,3.0,5.0,17.0,6.0,,,,,,,,2023,"Harris County, TX",48201,5-digit,51213,8665000,37191000,low,low,low
48,201,512131,G,2154,G,8651,G,37058,35,3.0,,3.0,5.0,17.0,6.0,,,,,,,,2023,"Harris County, TX",48201,6-digit,512131,8651000,37058000,low,low,low
48,201,51219/,J,29,G,621,G,2963,14,12.0,,,,,,,,,,,,,2023,"Harris County, TX",48201,5-digit,51219,621000,2963000,high,low,low
48,201,512191,J,23,G,480,G,1944,11,9.0,,,,,,,,,,,,,2023,"Harris County, TX",48201,6-digit,512191,480000,1944000,high,low,low
48,201,512199,G,6,H,141,H,1019,3,3.0,,,,,,,,,,,,,2023,"Harris County, TX",48201,6-digit,512199,141000,1019000,low,medium,medium
48,201,5122//,H,123,H,1251,G,4917,43,38.0,3.0,,,,,,,,,,,,2023,"Harris County, TX",48201,4-digit,5122,1251000,4917000,medium,medium,low
48,201,51223/,G,13,H,94,H,408,5,4.0,,,,,,,,,,,,,2023,"Harris County, TX",48201,5-digit,51223,94000,408000,low,medium,medium
48,201,512230,G,13,H,94,H,408,5,4.0,,,,,,,,,,,,,2023,"Harris County, TX",48201,6-digit,512230,94000,408000,low,medium,medium
48,201,51224/,G,53,G,487,G,2050,24,22.0,,,,,,,,,,,,,2023,"Harris County, TX",48201,5-digit,51224,487000,2050000,low,low,low
48,201,512240,G,53,G,487,G,2050,24,22.0,,,,,,,,,,,,,2023,"Harris County, TX",48201,6-digit,512240,487000,2050000,low,low,low
48,201,51225/,J,12,G,103,G,549,8,8.0,,,,,,,,,,,,,2023,"Harris County, TX",48201,5-digit,51225,103000,549000,high,low,low
48,201,512250,J,12,G,103,G,549,8,8.0,,,,,,,,,,,,,2023,"Harris County, TX",48201,6-digit,512250,103000,549000,high,low,low
48,201,51229/,J,45,J,567,J,1910,6,4.0,,,,,,,,,,,,,2023,"Harris County, TX",48201,5-digit,51229,567000,1910000,high,high,high
48,201,512290,J,45,J,567,J,1910,6,4.0,,,,,,,,,,,,,2023,"Harris County, TX",48201,6-digit,512290,567000,1910000,high,high,high
48,201,515///,H,1631,H,39740,H,151502,49,16.0,8.0,8.0,5.0,6.0,6.0,,,,,,,,2023,"Harris County, TX",48201,3-digit,515,39740000,151502000,medium,medium,medium
48,201,5151//,H,1568,H,38282,H,146471,47,15.0,8.0,8.0,5.0,5.0,6.0,,,,,,,,2023,"Harris County, TX",48201,4-digit,5151,38282000,146471000,medium,medium,medium
48,201,51511/,H,693,H,14516,H,55610,28,7.0,5.0,7.0,4.0,3.0,,,,,,,,,2023,"Harris County, TX",48201,5-digit,51511,14516000,55610000,medium,medium,medium
48,201,515111,J,39,J,514,J,1895,6,3.0,,,,,,,,,,,,,2023,"Harris County, TX",48201,6-digit,515111,514000,1895000,high,high,high
48,201,515112,H,654,H,14002,H,53715,22,4.0,4.0,6.0,3.0,3.0,,,,,,,,,2023,"Harris County, TX",48201,6-digit,515112,14002000,53715000,medium,medium,medium
48,201,51512/,J,875,J,23766,J,90861,19,8.0,3.0,,,,4.0,,,,,,,,2023,"Harris County, TX",48201,5-digit,51512,23766000,90861000,high,high,high
48,201,515120,J,875,J,23766,J,90861,19,8.0,3.0,,,,4.0,,,,,,,,2023,"Harris County, TX",48201,6-digit,515120,23766000,90861000,high,high,high
48,201,517///,H,12460,H,284880,H,968332,725,361.0,131.0,137.0,57.0,14.0,21.0,,3.0,,,,,,2023,"Harris County, TX",48201,3-digit,517,284880000,968332000,medium,medium,medium
48,201,5173//,H,11295,H,217830,H,820048,647,310.0,121.0,131.0,51.0,12.0,18.0,,3.0,,,,,,2023,"Harris County, TX",48201,4-digit,5173,217830000,820048000,medium,medium,medium
48,201,51731/,H,11295,H,217830,H,820048,647,310.0,121.0,131.0,51.0,12.0,18.0,,3.0,,,,,,2023,"Harris County, TX",48201,5-digit,51731,217830000,820048000,medium,medium,medium
48,201,517311,J,7049,J,160278,J,597214,282,133.0,43.0,45.0,39.0,8.0,11.0,,,,,,,,2023,"Harris County, TX",48201,6-digit,517311,160278000,597214000,high,high,high
48,201,517312,G,4246,G,57552,G,222834,365,177.0,78.0,86.0,12.0,4.0,7.0,,,,,,,,2023,"Harris County, TX",48201,6-digit,517312,57552000,222834000,low,low,low
48,201,5174//,H,660,H,62303,G,132123,9,4.0,,,,,3.0,,,,,,,,2023,"Harris County, TX",48201,4-digit,5174,62303000,132123000,medium,medium,low
48,201,51741/,H,660,H,62303,G,132123,9,4.0,,,,,3.0,,,,,,,,2023,"Harris County, TX",48201,5-digit,51741,62303000,132123000,medium,medium,low
48,201,517410,H,660,H,62303,G,132123,9,4.0,,,,,3.0,,,,,,,,2023,"Harris County, TX",48201,6-digit,517410,62303000,132123000,medium,medium,low
48,201,5179//,H,505,H,4747,H,16161,69,47.0,9.0,6.0,5.0,,,,,,,,,,2023,"Harris County, TX",48201,4-digit,5179,4747000,16161000,medium,medium,medium
48,201,51791/,H,505,H,4747,H,16161,69,47.0,9.0,6.0,5.0,,,,,,,,,,2023,"Harris County, TX",48201,5-digit,51791,4747000,16161000,medium,medium,medium
48,201,517911,H,443,H,3355,H,11317,47,28.0,8.0,5.0,4.0,,,,,,,,,,2023,"Harris County, TX",48201,6-digit,517911,3355000,11317000,medium,medium,medium
48,201,517919,H,62,H,1392,G,4844,22,19.0,,,,,,,,,,,,,2023,"Harris County, TX",48201,6-digit,517919,1392000,4844000,medium,medium,low
48,201,518///,H,7935,H,411273,H,1297488,223,119.0,30.0,24.0,24.0,13.0,4.0,5.0,3.0,,,,,,2023,"Harris County, TX",48201,3-digit,518,411273000,1297488000,medium,medium,medium
48,201,5182//,H,7935,H,411273,H,1297488,223,119.0,30.0,24.0,24.0,13.0,4.0,5.0,3.0,,,,,,2023,"Harris County, TX",48201,4-digit,5182,411273000,1297488000,medium,medium,medium
48,201,51821/,H,7935,H,411273,H,1297488,223,119.0,30.0,24.0,24.0,13.0,4.0,5.0,3.0,,,,,,2023,"Harris County, TX",48201,5-digit,51821,411273000,1297488000,medium,medium,medium
48,201,518210,H,7935,H,411273,H,1297488,223,119.0,30.0,24.0,24.0,13.0,4.0,5.0,3.0,,,,,,2023,"Harris County, TX",48201,6-digit,518210,411273000,1297488000,medium,medium,medium
48,201,519///,G,1621,G,66087,G,191433,96,71.0,12.0,7.0,3.0,,,,,,,,,,2023,"Harris County, TX",48201,3-digit,519,66087000,191433000,low,low,low
48,201,5191//,G,1621,G,66087,G,191433,96,71.0,12.0,7.0,3.0,,,,,,,,,,2023,"Harris County, TX",48201,4-digit,5191,66087000,191433000,low,low,low
48,201,51911/,J,13,J,386,J,1417,3,,,,,,,,,,,,,,2023,"Harris County, TX",48201,5-digit,51911,386000,1417000,high,high,high
48,201,519110,J,13,J,386,J,1417,3,,,,,,,,,,,,,,2023,"Harris County, TX",48201,6-digit,519110,386000,1417000,high,high,high
48,201,51912/,H,40,H,605,G,2750,5,3.0,,,,,,,,,,,,,2023,"Harris County, TX",48201,5-digit,51912,605000,2750000,medium,medium,low
48,201,519120,H,40,H,605,G,2750,5,3.0,,,,,,,,,,,,,2023,"Harris County, TX",48201,6-digit,519120,605000,2750000,medium,medium,low
48,201,51913/,G,1551,G,64705,G,185823,82,61.0,10.0,5.0,3.0,,,,,,,,,,2023,"Harris County, TX",48201,5-digit,51913,64705000,185823000,low,low,low
48,201,519130,G,1551,G,64705,G,185823,82,61.0,10.0,5.0,3.0,,,,,,,,,,2023,"Harris County, TX",48201,6-digit,519130,64705000,185823000,low,low,low
48,201,51919/,J,17,H,391,H,1443,6,5.0,,,,,,,,,,,,,2023,"Harris County, TX",48201,5-digit,51919,391000,1443000,high,medium,medium
48,201,519190,J,17,H,391,H,1443,6,5.0,,,,,,,,,,,,,2023,"Harris County, TX",48201,6-digit,519190,391000,1443000,high,medium,medium
48,201,52----,G,81043,G,4731763,G,12628605,6760,4102.0,1403.0,700.0,308.0,130.0,72.0,27.0,13.0,5.0,3.0,,,,2023,"Harris County, TX",48201,2-digit,52,4731763000,12628605000,low,low,low
48,201,522///,G,35008,G,1144609,G,3619771,2541,1145.0,795.0,393.0,116.0,46.0,26.0,12.0,6.0,,,,,,2023,"Harris County, TX",48201,3-digit,522,1144609000,3619771000,low,low,low
48,201,5221//,G,22257,G,847832,G,2515292,1167,238.0,498.0,289.0,80.0,32.0,18.0,8.0,,,,,,,2023,"Harris County, TX",48201,4-digit,5221,847832000,2515292000,low,low,low
48,201,52211/,G,18918,G,788970,G,2283749,967,158.0,430.0,259.0,69.0,30.0,12.0,5.0,,,,,,,2023,"Harris County, TX",48201,5-digit,52211,788970000,2283749000,low,low,low
48,201,522110,G,18918,G,788970,G,2283749,967,158.0,430.0,259.0,69.0,30.0,12.0,5.0,,,,,,,2023,"Harris County, TX",48201,6-digit,522110,788970000,2283749000,low,low,low
48,201,52212/,G,25,G,1641,G,5045,3,,,,,,,,,,,,,,2023,"Harris County, TX",48201,5-digit,52212,1641000,5045000,low,low,low
48,201,522120,G,25,G,1641,G,5045,3,,,,,,,,,,,,,,2023,"Harris County, TX",48201,6-digit,522120,1641000,5045000,low,low,low
48,201,52213/,H,3314,H,57221,H,226498,197,79.0,67.0,29.0,11.0,,6.0,3.0,,,,,,,2023,"Harris County, TX",48201,5-digit,52213,57221000,226498000,medium,medium,medium
48,201,522130,H,3314,H,57221,H,226498,197,79.0,67.0,29.0,11.0,,6.0,3.0,,,,,,,2023,"Harris County, TX",48201,6-digit,522130,57221000,226498000,medium,medium,medium
48,201,5222//,G,9694,G,212602,G,773282,798,446.0,243.0,61.0,25.0,10.0,7.0,,4.0,,,,,,2023,"Harris County, TX",48201,4-digit,5222,212602000,773282000,low,low,low
48,201,52221/,H,470,J,15468,H,24748,5,,,,,,,,,,,,,,2023,"Harris County, TX",48201,5-digit,52221,15468000,24748000,medium,high,medium
48,201,522210,H,470,J,15468,H,24748,5,,,,,,,,,,,,,,2023,"Harris County, TX",48201,6-digit,522210,15468000,24748000,medium,high,medium
48,201,52222/,H,1431,H,36281,H,128872,49,29.0,10.0,,,4.0,,,,,,,,,2023,"Harris County, TX",48201,5-digit,52222,36281000,128872000,medium,medium,medium
48,201,522220,H,1431,H,36281,H,128872,49,29.0,10.0,,,4.0,,,,,,,,,2023,"Harris County, TX",48201,6-digit,522220,36281000,128872000,medium,medium,medium
48,201,52229/,G,7793,G,160853,G,619662,744,416.0,231.0,58.0,23.0,6.0,6.0,,3.0,,,,,,2023,"Harris County, TX",48201,5-digit,52229,160853000,619662000,low,low,low
48,201,522291,H,1006,H,15749,H,64477,201,150.0,42.0,5.0,,,,,,,,,,,2023,"Harris County, TX",48201,6-digit,522291,15749000,64477000,medium,medium,medium
48,201,522292,G,5080,G,120190,G,447254,215,113.0,39.0,36.0,14.0,4.0,5.0,,3.0,,,,,,2023,"Harris County, TX",48201,6-digit,522292,120190000,447254000,low,low,low
48,201,522293,H,37,G,883,H,4074,11,10.0,,,,,,,,,,,,,2023,"Harris County, TX",48201,6-digit,522293,883000,4074000,medium,low,medium
48,201,522294,J,12,J,141,H,571,5,4.0,,,,,,,,,,,,,2023,"Harris County, TX",48201,6-digit,522294,141000,571000,high,high,medium
48,201,522298,J,1658,H,23890,H,103286,312,139.0,149.0,16.0,7.0,,,,,,,,,,2023,"Harris County, TX",48201,6-digit,522298,23890000,103286000,high,medium,medium
48,201,5223//,H,3057,G,84175,H,331197,576,461.0,54.0,43.0,11.0,4.0,,,,,,,,,2023,"Harris County, TX",48201,4-digit,5223,84175000,331197000,medium,low,medium
48,201,52231/,G,550,G,9710,G,40919,106,84.0,13.0,5.0,,,,,,,,,,,2023,"Harris County, TX",48201,5-digit,52231,9710000,40919000,low,low,low
48,201,522310,G,550,G,9710,G,40919,106,84.0,13.0,5.0,,,,,,,,,,,2023,"Harris County, TX",48201,6-digit,522310,9710000,40919000,low,low,low
48,201,52232/,G,1062,G,46249,H,208752,59,35.0,10.0,7.0,4.0,,,,,,,,,,2023,"Harris County, TX",48201,5-digit,52232,46249000,208752000,low,low,medium
48,201,522320,G,1062,G,46249,H,208752,59,35.0,10.0,7.0,4.0,,,,,,,,,,2023,"Harris County, TX",48201,6-digit,522320,46249000,208752000,low,low,medium
48,201,52239/,J,1445,H,28216,H,81526,411,342.0,31.0,31.0,5.0,,,,,,,,,,2023,"Harris County, TX",48201,5-digit,52239,28216000,81526000,high,medium,medium
48,201,522390,J,1445,H,28216,H,81526,411,342.0,31.0,31.0,5.0,,,,,,,,,,2023,"Harris County, TX",48201,6-digit,522390,28216000,81526000,high,medium,medium
48,201,523///,G,13069,G,2507232,G,5526217,1679,1275.0,161.0,106.0,78.0,43.0,13.0,,,,,,,,2023,"Harris County, TX",48201,3-digit,523,2507232000,5526217000,low,low,low
48,201,5231//,H,4874,G,1619335,G,3449166,401,271.0,37.0,31.0,33.0,20.0,8.0,,,,,,,,2023,"Harris County, TX",48201,4-digit,5231,1619335000,3449166000,medium,low,low
48,201,52311/,G,1333,G,304487,G,581272,86,54.0,9.0,6.0,9.0,4.0,4.0,,,,,,,,2023,"Harris County, TX",48201,5-digit,52311,304487000,581272000,low,low,low
48,201,523110,G,1333,G,304487,G,581272,86,54.0,9.0,6.0,9.0,4.0,4.0,,,,,,,,2023,"Harris County, TX",48201,6-digit,523110,304487000,581272000,low,low,low
48,201,52312/,H,2638,H,971850,H,2301472,256,187.0,17.0,17.0,20.0,11.0,3.0,,,,,,,,2023,"Harris County, TX",48201,5-digit,52312,971850000,2301472000,medium,medium,medium
48,201,523120,H,2638,H,971850,H,2301472,256,187.0,17.0,17.0,20.0,11.0,3.0,,,,,,,,2023,"Harris County, TX",48201,6-digit,523120,971850000,2301472000,medium,medium,medium
48,201,52313/,G,599,G,313756,G,432209,29,14.0,6.0,3.0,,4.0,,,,,,,,,2023,"Harris County, TX",48201,5-digit,52313,313756000,432209000,low,low,low
48,201,523130,G,599,G,313756,G,432209,29,14.0,6.0,3.0,,4.0,,,,,,,,,2023,"Harris County, TX",48201,6-digit,523130,313756000,432209000,low,low,low
48,201,52314/,H,304,H,29242,H,134213,30,16.0,5.0,5.0,3.0,,,,,,,,,,2023,"Harris County, TX",48201,5-digit,52314,29242000,134213000,medium,medium,medium
48,201,523140,H,304,H,29242,H,134213,30,16.0,5.0,5.0,3.0,,,,,,,,,,2023,"Harris County, TX",48201,6-digit,523140,29242000,134213000,medium,medium,medium
48,201,5239//,G,8195,G,887897,G,2076990,1277,1003.0,124.0,75.0,45.0,23.0,5.0,,,,,,,,2023,"Harris County, TX",48201,4-digit,5239,887897000,2076990000,low,low,low
48,201,52391/,G,1441,H,94004,G,317435,344,285.0,26.0,18.0,10.0,5.0,,,,,,,,,2023,"Harris County, TX",48201,5-digit,52391,94004000,317435000,low,medium,low
48,201,523910,G,1441,H,94004,G,317435,344,285.0,26.0,18.0,10.0,5.0,,,,,,,,,2023,"Harris County, TX",48201,6-digit,523910,94004000,317435000,low,medium,low
48,201,52392/,G,4775,G,603611,G,1252554,550,410.0,63.0,37.0,23.0,12.0,3.0,,,,,,,,2023,"Harris County, TX",48201,5-digit,52392,603611000,1252554000,low,low,low
48,201,523920,G,4775,G,603611,G,1252554,550,410.0,63.0,37.0,23.0,12.0,3.0,,,,,,,,2023,"Harris County, TX",48201,6-digit,523920,603611000,1252554000,low,low,low
48,201,52393/,G,1538,G,128381,G,388610,303,245.0,28.0,18.0,5.0,5.0,,,,,,,,,2023,"Harris County, TX",48201,5-digit,52393,128381000,388610000,low,low,low
48,201,523930,G,1538,G,128381,G,388610,303,245.0,28.0,18.0,5.0,5.0,,,,,,,,,2023,"Harris County, TX",48201,6-digit,523930,128381000,388610000,low,low,low
48,201,52399/,G,441,H,61901,G,118391,80,63.0,7.0,,7.0,,,,,,,,,,2023,"Harris County, TX",48201,5-digit,52399,61901000,118391000,low,medium,low
48,201,523991,H,392,H,60107,G,111332,51,36.0,6.0,,7.0,,,,,,,,,,2023,"Harris County, TX",48201,6-digit,523991,60107000,111332000,medium,medium,low
48,201,523999,J,49,G,1794,G,7059,29,27.0,,,,,,,,,,,,,2023,"Harris County, TX",48201,6-digit,523999,1794000,7059000,high,low,low
48,201,524///,G,32525,H,1034154,G,3374134,2502,1659.0,438.0,198.0,113.0,40.0,32.0,13.0,6.0,3.0,,,,,2023,"Harris County, TX",48201,3-digit,524,1034154000,3374134000,low,medium,low
48,201,5241//,H,16614,H,580488,H,1794499,399,189.0,66.0,57.0,45.0,17.0,10.0,6.0,6.0,3.0,,,,,2023,"Harris County, TX",48201,4-digit,5241,580488000,1794499000,medium,medium,medium
48,201,52411/,H,8656,H,324790,H,943134,126,47.0,19.0,20.0,17.0,10.0,3.0,5.0,4.0,,,,,,2023,"Harris County, TX",48201,5-digit,52411,324790000,943134000,medium,medium,medium
48,201,524113,J,5300,J,246902,H,666403,69,22.0,9.0,10.0,13.0,7.0,3.0,,,,,,,,2023,"Harris County, TX",48201,6-digit,524113,246902000,666403000,high,high,medium
48,201,524114,H,3356,H,77888,H,276731,57,25.0,10.0,10.0,4.0,3.0,,3.0,,,,,,,2023,"Harris County, TX",48201,6-digit,524114,77888000,276731000,medium,medium,medium
48,201,52412/,G,7928,G,253525,G,845269,269,140.0,47.0,35.0,28.0,7.0,7.0,,,,,,,,2023,"Harris County, TX",48201,5-digit,52412,253525000,845269000,low,low,low
48,201,524126,G,4654,G,125239,G,424365,167,95.0,22.0,16.0,19.0,7.0,5.0,,,,,,,,2023,"Harris County, TX",48201,6-digit,524126,125239000,424365000,low,low,low
48,201,524127,H,3238,H,126702,H,413575,98,42.0,25.0,19.0,8.0,,,,,,,,,,2023,"Harris County, TX",48201,6-digit,524127,126702000,413575000,medium,medium,medium
48,201,524128,J,36,J,1584,J,7329,4,3.0,,,,,,,,,,,,,2023,"Harris County, TX",48201,6-digit,524128,1584000,7329000,high,high,high
48,201,52413/,J,30,H,2173,H,6096,4,,,,,,,,,,,,,,2023,"Harris County, TX",48201,5-digit,52413,2173000,6096000,high,medium,medium
48,201,524130,J,30,H,2173,H,6096,4,,,,,,,,,,,,,,2023,"Harris County, TX",48201,6-digit,524130,2173000,6096000,high,medium,medium
48,201,5242//,G,15911,G,453666,G,1579635,2103,1470.0,372.0,141.0,68.0,23.0,22.0,7.0,,,,,,,2023,"Harris County, TX",48201,4-digit,5242,453666000,1579635000,low,low,low
48,201,52421/,G,13255,G,393993,G,1367094,1922,1373.0,339.0,115.0,56.0,18.0,15.0,6.0,,,,,,,2023,"Harris County, TX",48201,5-digit,52421,393993000,1367094000,low,low,low
48,201,524210,G,13255,G,393993,G,1367094,1922,1373.0,339.0,115.0,56.0,18.0,15.0,6.0,,,,,,,2023,"Harris County, TX",48201,6-digit,524210,393993000,1367094000,low,low,low
48,201,52429/,G,2656,G,59673,G,212541,181,97.0,33.0,26.0,12.0,5.0,7.0,,,,,,,,2023,"Harris County, TX",48201,5-digit,52429,59673000,212541000,low,low,low
48,201,524291,G,504,G,14155,G,49431,71,48.0,8.0,9.0,4.0,,,,,,,,,,2023,"Harris County, TX",48201,6-digit,524291,14155000,49431000,low,low,low
48,201,524292,G,1864,G,34267,G,126512,76,26.0,22.0,13.0,5.0,4.0,5.0,,,,,,,,2023,"Harris County, TX",48201,6-digit,524292,34267000,126512000,low,low,low
48,201,524298,G,288,H,11251,H,36598,34,23.0,3.0,4.0,3.0,,,,,,,,,,2023,"Harris County, TX",48201,6-digit,524298,11251000,36598000,low,medium,medium
48,201,525///,H,250,J,41620,H,90850,37,23.0,9.0,3.0,,,,,,,,,,,2023,"Harris County, TX",48201,3-digit,525,41620000,90850000,medium,high,medium
48,201,5259//,H,250,J,41620,H,90850,37,23.0,9.0,3.0,,,,,,,,,,,2023,"Harris County, TX",48201,4-digit,5259,41620000,90850000,medium,high,medium
48,201,52591/,H,136,J,31441,J,63740,11,5.0,4.0,,,,,,,,,,,,2023,"Harris County, TX",48201,5-digit,52591,31441000,63740000,medium,high,high
48,201,525910,H,136,J,31441,J,63740,11,5.0,4.0,,,,,,,,,,,,2023,"Harris County, TX",48201,6-digit,525910,31441000,63740000,medium,high,high
48,201,52599/,G,114,H,10179,H,27110,26,18.0,5.0,,,,,,,,,,,,2023,"Harris County, TX",48201,5-digit,52599,10179000,27110000,low,medium,medium
48,201,525990,G,114,H,10179,H,27110,26,18.0,5.0,,,,,,,,,,,,2023,"Harris County, TX",48201,6-digit,525990,10179000,27110000,low,medium,medium
48,201,53----,G,44452,G,1020243,G,3626480,6480,4565.0,1088.0,461.0,234.0,75.0,43.0,10.0,4.0,,,,,,2023,"Harris County, TX",48201,2-digit,53,1020243000,3626480000,low,low,low
48,201,531///,G,31717,G,758717,G,2662468,5455,4116.0,837.0,299.0,121.0,37.0,34.0,7.0,4.0,,,,,,2023,"Harris County, TX",48201,3-digit,531,758717000,2662468000,low,low,low
48,201,5311//,G,11486,H,366147,H,1087168,2141,1575.0,389.0,115.0,41.0,8.0,9.0,3.0,,,,,,,2023,"Harris County, TX",48201,4-digit,5311,366147000,1087168000,low,medium,medium
48,201,53111/,G,6069,G,84641,G,353129,1019,631.0,273.0,83.0,23.0,,6.0,,,,,,,,2023,"Harris County, TX",48201,5-digit,53111,84641000,353129000,low,low,low
48,201,531110,G,6069,G,84641,G,353129,1019,631.0,273.0,83.0,23.0,,6.0,,,,,,,,2023,"Harris County, TX",48201,6-digit,531110,84641000,353129000,low,low,low
48,201,53112/,H,3316,G,68036,G,263315,651,523.0,77.0,24.0,16.0,6.0,3.0,,,,,,,,2023,"Harris County, TX",48201,5-digit,53112,68036000,263315000,medium,low,low
48,201,531120,H,3316,G,68036,G,263315,651,523.0,77.0,24.0,16.0,6.0,3.0,,,,,,,,2023,"Harris County, TX",48201,6-digit,531120,68036000,263315000,medium,low,low
48,201,53113/,G,950,G,8852,G,36538,388,354.0,28.0,5.0,,,,,,,,,,,2023,"Harris County, TX",48201,5-digit,53113,8852000,36538000,low,low,low
48,201,531130,G,950,G,8852,G,36538,388,354.0,28.0,5.0,,,,,,,,,,,2023,"Harris County, TX",48201,6-digit,531130,8852000,36538000,low,low,low
48,201,53119/,H,1151,J,204618,J,434186,83,67.0,11.0,3.0,,,,,,,,,,,2023,"Harris County, TX",48201,5-digit,53119,204618000,434186000,medium,high,high
48,201,531190,H,1151,J,204618,J,434186,83,67.0,11.0,3.0,,,,,,,,,,,2023,"Harris County, TX",48201,6-digit,531190,204618000,434186000,medium,high,high
48,201,5312//,H,5055,G,118257,G,486964,1712,1525.0,112.0,43.0,19.0,7.0,5.0,,,,,,,,2023,"Harris County, TX",48201,4-digit,5312,118257000,486964000,medium,low,low
48,201,53121/,H,5055,G,118257,G,486964,1712,1525.0,112.0,43.0,19.0,7.0,5.0,,,,,,,,2023,"Harris County, TX",48201,5-digit,53121,118257000,486964000,medium,low,low
48,201,531210,H,5055,G,118257,G,486964,1712,1525.0,112.0,43.0,19.0,7.0,5.0,,,,,,,,2023,"Harris County, TX",48201,6-digit,531210,118257000,486964000,medium,low,low
48,201,5313//,G,15176,G,274313,G,1088336,1602,1016.0,336.0,141.0,61.0,22.0,20.0,3.0,3.0,,,,,,2023,"Harris County, TX",48201,4-digit,5313,274313000,1088336000,low,low,low
48,201,53131/,G,13489,G,232707,G,917829,1245,721.0,308.0,125.0,47.0,21.0,17.0,3.0,3.0,,,,,,2023,"Harris County, TX",48201,5-digit,53131,232707000,917829000,low,low,low
48,201,531311,G,9938,G,143291,G,601007,913,532.0,240.0,86.0,23.0,14.0,13.0,,3.0,,,,,,2023,"Harris County, TX",48201,6-digit,531311,143291000,601007000,low,low,low
48,201,531312,G,3551,G,89416,G,316822,332,189.0,68.0,39.0,24.0,7.0,4.0,,,,,,,,2023,"Harris County, TX",48201,6-digit,531312,89416000,316822000,low,low,low
48,201,53132/,G,468,G,11820,G,46165,104,85.0,6.0,7.0,6.0,,,,,,,,,,2023,"Harris County, TX",48201,5-digit,53132,11820000,46165000,low,low,low
48,201,531320,G,468,G,11820,G,46165,104,85.0,6.0,7.0,6.0,,,,,,,,,,2023,"Harris County, TX",48201,6-digit,531320,11820000,46165000,low,low,low
48,201,53139/,G,1219,G,29786,G,124342,253,210.0,22.0,9.0,8.0,,3.0,,,,,,,,2023,"Harris County, TX",48201,5-digit,53139,29786000,124342000,low,low,low
48,201,531390,G,1219,G,29786,G,124342,253,210.0,22.0,9.0,8.0,,3.0,,,,,,,,2023,"Harris County, TX",48201,6-digit,531390,29786000,124342000,low,low,low
48,201,532///,G,12346,G,249491,G,922773,972,415.0,238.0,159.0,111.0,38.0,8.0,3.0,,,,,,,2023,"Harris County, TX",48201,3-digit,532,249491000,922773000,low,low,low
48,201,5321//,H,3556,H,49935,H,189216,307,122.0,94.0,44.0,30.0,14.0,3.0,,,,,,,,2023,"Harris County, TX",48201,4-digit,5321,49935000,189216000,medium,medium,medium
48,201,53211/,J,1981,H,28976,H,106861,201,88.0,72.0,20.0,13.0,5.0,3.0,,,,,,,,2023,"Harris County, TX",48201,5-digit,53211,28976000,106861000,high,medium,medium
48,201,532111,J,1848,J,24247,J,87977,189,82.0,71.0,17.0,11.0,5.0,3.0,,,,,,,,2023,"Harris County, TX",48201,6-digit,532111,24247000,87977000,high,high,high
48,201,532112,G,133,G,4729,G,18884,12,6.0,,3.0,,,,,,,,,,,2023,"Harris County, TX",48201,6-digit,532112,4729000,18884000,low,low,low
48,201,53212/,G,1575,H,20959,G,82355,106,34.0,22.0,24.0,17.0,9.0,,,,,,,,,2023,"Harris County, TX",48201,5-digit,53212,20959000,82355000,low,medium,low
48,201,532120,G,1575,H,20959,G,82355,106,34.0,22.0,24.0,17.0,9.0,,,,,,,,,2023,"Harris County, TX",48201,6-digit,532120,20959000,82355000,low,medium,low
48,201,5322//,G,1703,G,18070,G,73119,224,132.0,56.0,23.0,8.0,4.0,,,,,,,,,2023,"Harris County, TX",48201,4-digit,5322,18070000,73119000,low,low,low
48,201,53221/,G,293,G,3010,G,11902,68,36.0,29.0,3.0,,,,,,,,,,,2023,"Harris County, TX",48201,5-digit,53221,3010000,11902000,low,low,low
48,201,532210,G,293,G,3010,G,11902,68,36.0,29.0,3.0,,,,,,,,,,,2023,"Harris County, TX",48201,6-digit,532210,3010000,11902000,low,low,low
48,201,53228/,G,1410,G,15060,G,61217,156,96.0,27.0,20.0,8.0,4.0,,,,,,,,,2023,"Harris County, TX",48201,5-digit,53228,15060000,61217000,low,low,low
48,201,532281,H,29,H,208,H,661,11,9.0,,,,,,,,,,,,,2023,"Harris County, TX",48201,6-digit,532281,208000,661000,medium,medium,medium
48,201,532282,J,23,G,150,H,589,6,4.0,,,,,,,,,,,,,2023,"Harris County, TX",48201,6-digit,532282,150000,589000,high,low,medium
48,201,532283,G,132,G,1953,G,8589,10,,4.0,,,,,,,,,,,,2023,"Harris County, TX",48201,6-digit,532283,1953000,8589000,low,low,low
48,201,532284,H,88,G,438,G,1977,19,13.0,4.0,,,,,,,,,,,,2023,"Harris County, TX",48201,6-digit,532284,438000,1977000,medium,low,low
48,201,532289,G,1138,H,12311,G,49401,110,68.0,15.0,17.0,5.0,4.0,,,,,,,,,2023,"Harris County, TX",48201,6-digit,532289,12311000,49401000,low,medium,low
48,201,5323//,G,210,H,3516,H,14773,25,14.0,3.0,5.0,3.0,,,,,,,,,,2023,"Harris County, TX",48201,4-digit,5323,3516000,14773000,low,medium,medium
48,201,53231/,G,210,H,3516,H,14773,25,14.0,3.0,5.0,3.0,,,,,,,,,,2023,"Harris County, TX",48201,5-digit,53231,3516000,14773000,low,medium,medium
48,201,532310,G,210,H,3516,H,14773,25,14.0,3.0,5.0,3.0,,,,,,,,,,2023,"Harris County, TX",48201,6-digit,532310,3516000,14773000,low,medium,medium
48,201,5324//,G,6877,G,177970,G,645665,416,147.0,85.0,87.0,70.0,20.0,5.0,,,,,,,,2023,"Harris County, TX",48201,4-digit,5324,177970000,645665000,low,low,low
48,201,53241/,H,3308,G,97000,G,340832,178,63.0,24.0,46.0,33.0,9.0,,,,,,,,,2023,"Harris County, TX",48201,5-digit,53241,97000000,340832000,medium,low,low
48,201,532411,H,61,G,4627,G,10572,14,8.0,4.0,,,,,,,,,,,,2023,"Harris County, TX",48201,6-digit,532411,4627000,10572000,medium,low,low
48,201,532412,G,3247,G,92373,G,330260,164,55.0,20.0,44.0,33.0,9.0,,,,,,,,,2023,"Harris County, TX",48201,6-digit,532412,92373000,330260000,low,low,low
48,201,53242/,H,103,H,2871,H,10624,15,8.0,3.0,3.0,,,,,,,,,,,2023,"Harris County, TX",48201,5-digit,53242,2871000,10624000,medium,medium,medium
48,201,532420,H,103,H,2871,H,10624,15,8.0,3.0,3.0,,,,,,,,,,,2023,"Harris County, TX",48201,6-digit,532420,2871000,10624000,medium,medium,medium
48,201,53249/,G,3466,G,78099,G,294209,223,76.0,58.0,38.0,36.0,11.0,4.0,,,,,,,,2023,"Harris County, TX",48201,5-digit,53249,78099000,294209000,low,low,low
48,201,532490,G,3466,G,78099,G,294209,223,76.0,58.0,38.0,36.0,11.0,4.0,,,,,,,,2023,"Harris County, TX",48201,6-digit,532490,78099000,294209000,low,low,low
48,201,533///,G,389,H,12035,H,41239,53,34.0,13.0,3.0,,,,,,,,,,,2023,"Harris County, TX",48201,3-digit,533,12035000,41239000,low,medium,medium
48,201,5331//,G,389,H,12035,H,41239,53,34.0,13.0,3.0,,,,,,,,,,,2023,"Harris County, TX",48201,4-digit,5331,12035000,41239000,low,medium,medium
48,201,53311/,G,389,H,12035,H,41239,53,34.0,13.0,3.0,,,,,,,,,,,2023,"Harris County, TX",48201,5-digit,53311,12035000,41239000,low,medium,medium
48,201,533110,G,389,H,12035,H,41239,53,34.0,13.0,3.0,,,,,,,,,,,2023,"Harris County, TX",48201,6-digit,533110,12035000,41239000,low,medium,medium
48,201,54----,G,205091,G,5987543,G,24139510,15597,10893.0,1900.0,1201.0,897.0,353.0,242.0,64.0,29.0,18.0,8.0,8.0,,,2023,"Harris County, TX",48201,2-digit,54,5987543000,24139510000,low,low,low
48,201,541///,G,205091,G,5987543,G,24139510,15597,10893.0,1900.0,1201.0,897.0,353.0,242.0,64.0,29.0,18.0,8.0,8.0,,,2023,"Harris County, TX",48201,3-digit,541,5987543000,24139510000,low,low,low
48,201,5411//,G,26255,G,811975,G,3739486,3363,2352.0,490.0,241.0,181.0,64.0,31.0,3.0,,,,,,,2023,"Harris County, TX",48201,4-digit,5411,811975000,3739486000,low,low,low
48,201,54111/,G,24858,G,788490,G,3635864,3182,2236.0,458.0,220.0,173.0,61.0,31.0,,,,,,,,2023,"Harris County, TX",48201,5-digit,54111,788490000,3635864000,low,low,low
48,201,541110,G,24858,G,788490,G,3635864,3182,2236.0,458.0,220.0,173.0,61.0,31.0,,,,,,,,2023,"Harris County, TX",48201,6-digit,541110,788490000,3635864000,low,low,low
48,201,54119/,G,1397,G,23485,G,103622,181,116.0,32.0,21.0,8.0,3.0,,,,,,,,,2023,"Harris County, TX",48201,5-digit,54119,23485000,103622000,low,low,low
48,201,541191,G,697,G,12590,G,54027,89,46.0,22.0,12.0,7.0,,,,,,,,,,2023,"Harris County, TX",48201,6-digit,541191,12590000,54027000,low,low,low
48,201,541199,G,700,G,10895,G,49595,92,70.0,10.0,9.0,,,,,,,,,,,2023,"Harris County, TX",48201,6-digit,541199,10895000,49595000,low,low,low
48,201,5412//,G,27261,G,605453,G,2494843,1990,1405.0,337.0,117.0,68.0,27.0,21.0,6.0,3.0,6.0,4.0,,,,2023,"Harris County, TX",48201,4-digit,5412,605453000,2494843000,low,low,low
48,201,54121/,G,27261,G,605453,G,2494843,1990,1405.0,337.0,117.0,68.0,27.0,21.0,6.0,3.0,6.0,4.0,,,,2023,"Harris County, TX",48201,5-digit,54121,605453000,2494843000,low,low,low
48,201,541211,G,13628,G,365205,G,1577905,715,493.0,118.0,48.0,25.0,12.0,10.0,3.0,,4.0,3.0,,,,2023,"Harris County, TX",48201,6-digit,541211,365205000,1577905000,low,low,low
48,201,541213,H,2319,G,16989,G,56770,490,345.0,106.0,22.0,11.0,6.0,,,,,,,,,2023,"Harris County, TX",48201,6-digit,541213,16989000,56770000,medium,low,low
48,201,541214,G,3505,G,82793,G,275484,89,40.0,7.0,11.0,17.0,3.0,8.0,3.0,,,,,,,2023,"Harris County, TX",48201,6-digit,541214,82793000,275484000,low,low,low
48,201,541219,G,7809,G,140466,G,584684,696,527.0,106.0,36.0,15.0,6.0,3.0,,,,,,,,2023,"Harris County, TX",48201,6-digit,541219,140466000,584684000,low,low,low
48,201,5413//,G,65882,G,2033584,G,8108336,2369,1252.0,322.0,277.0,257.0,122.0,98.0,24.0,12.0,5.0,,3.0,,,2023,"Harris County, TX",48201,4-digit,5413,2033584000,8108336000,low,low,low
48,201,54131/,G,3672,G,79515,G,370369,309,184.0,57.0,30.0,24.0,7.0,5.0,,,,,,,,2023,"Harris County, TX",48201,5-digit,54131,79515000,370369000,low,low,low
48,201,541310,G,3672,G,79515,G,370369,309,184.0,57.0,30.0,24.0,7.0,5.0,,,,,,,,2023,"Harris County, TX",48201,6-digit,541310,79515000,370369000,low,low,low
48,201,54132/,G,493,G,9032,G,42396,51,29.0,8.0,4.0,9.0,,,,,,,,,,2023,"Harris County, TX",48201,5-digit,54132,9032000,42396000,low,low,low
48,201,541320,G,493,G,9032,G,42396,51,29.0,8.0,4.0,9.0,,,,,,,,,,2023,"Harris County, TX",48201,6-digit,541320,9032000,42396000,low,low,low
48,201,54133/,G,48751,G,1680221,G,6626767,1484,771.0,190.0,164.0,174.0,80.0,73.0,16.0,12.0,4.0,,,,,2023,"Harris County, TX",48201,5-digit,54133,1680221000,6626767000,low,low,low
48,201,541330,G,48751,G,1680221,G,6626767,1484,771.0,190.0,164.0,174.0,80.0,73.0,16.0,12.0,4.0,,,,,2023,"Harris County, TX",48201,6-digit,541330,1680221000,6626767000,low,low,low
48,201,54134/,H,352,H,5487,J,24235,40,28.0,,8.0,,,,,,,,,,,2023,"Harris County, TX",48201,5-digit,54134,5487000,24235000,medium,medium,high
48,201,541340,H,352,H,5487,J,24235,40,28.0,,8.0,,,,,,,,,,,2023,"Harris County, TX",48201,6-digit,541340,5487000,24235000,medium,medium,high
48,201,54135/,G,1062,G,18249,G,80545,110,87.0,9.0,7.0,,3.0,,,,,,,,,2023,"Harris County, TX",48201,5-digit,54135,18249000,80545000,low,low,low
48,201,541350,G,1062,G,18249,G,80545,110,87.0,9.0,7.0,,3.0,,,,,,,,,2023,"Harris County, TX",48201,6-digit,541350,18249000,80545000,low,low,low
48,201,54136/,J,982,J,33985,J,144037,59,39.0,4.0,4.0,7.0,3.0,,,,,,,,,2023,"Harris County, TX",48201,5-digit,54136,33985000,144037000,high,high,high
48,201,541360,J,982,J,33985,J,144037,59,39.0,4.0,4.0,7.0,3.0,,,,,,,,,2023,"Harris County, TX",48201,6-digit,541360,33985000,144037000,high,high,high
48,201,54137/,G,1638,G,27056,G,122702,90,33.0,18.0,19.0,13.0,5.0,,,,,,,,,2023,"Harris County, TX",48201,5-digit,54137,27056000,122702000,low,low,low
48,201,541370,G,1638,G,27056,G,122702,90,33.0,18.0,19.0,13.0,5.0,,,,,,,,,2023,"Harris County, TX",48201,6-digit,541370,27056000,122702000,low,low,low
48,201,54138/,H,8932,H,180039,H,697285,226,81.0,35.0,41.0,27.0,23.0,15.0,3.0,,,,,,,2023,"Harris County, TX",48201,5-digit,54138,180039000,697285000,medium,medium,medium
48,201,541380,H,8932,H,180039,H,697285,226,81.0,35.0,41.0,27.0,23.0,15.0,3.0,,,,,,,2023,"Harris County, TX",48201,6-digit,541380,180039000,697285000,medium,medium,medium
48,201,5414//,H,1736,G,26764,G,120717,458,362.0,65.0,19.0,10.0,,,,,,,,,,2023,"Harris County, TX",48201,4-digit,5414,26764000,120717000,medium,low,low
48,201,54141/,G,1018,G,14857,G,66184,264,210.0,35.0,12.0,6.0,,,,,,,,,,2023,"Harris County, TX",48201,5-digit,54141,14857000,66184000,low,low,low
48,201,541410,G,1018,G,14857,G,66184,264,210.0,35.0,12.0,6.0,,,,,,,,,,2023,"Harris County, TX",48201,6-digit,541410,14857000,66184000,low,low,low
48,201,54142/,J,75,H,1897,H,10612,23,20.0,,,,,,,,,,,,,2023,"Harris County, TX",48201,5-digit,54142,1897000,10612000,high,medium,medium
48,201,541420,J,75,H,1897,H,10612,23,20.0,,,,,,,,,,,,,2023,"Harris County, TX",48201,6-digit,541420,1897000,10612000,high,medium,medium
48,201,54143/,J,567,G,9032,G,39731,146,113.0,23.0,6.0,3.0,,,,,,,,,,2023,"Harris County, TX",48201,5-digit,54143,9032000,39731000,high,low,low
48,201,541430,J,567,G,9032,G,39731,146,113.0,23.0,6.0,3.0,,,,,,,,,,2023,"Harris County, TX",48201,6-digit,541430,9032000,39731000,high,low,low
48,201,54149/,G,76,H,978,H,4190,25,19.0,5.0,,,,,,,,,,,,2023,"Harris County, TX",48201,5-digit,54149,978000,4190000,low,medium,medium
48,201,541490,G,76,H,978,H,4190,25,19.0,5.0,,,,,,,,,,,,2023,"Harris County, TX",48201,6-digit,541490,978000,4190000,low,medium,medium
48,201,5415//,G,24899,G,718268,G,2843605,2169,1640.0,167.0,147.0,120.0,49.0,28.0,12.0,6.0,,,,,,2023,"Harris County, TX",48201,4-digit,5415,718268000,2843605000,low,low,low
48,201,54151/,G,24899,G,718268,G,2843605,2169,1640.0,167.0,147.0,120.0,49.0,28.0,12.0,6.0,,,,,,2023,"Harris County, TX",48201,5-digit,54151,718268000,2843605000,low,low,low
48,201,541511,G,10473,G,288658,G,1186736,916,683.0,71.0,68.0,55.0,17.0,16.0,4.0,,,,,,,2023,"Harris County, TX",48201,6-digit,541511,288658000,1186736000,low,low,low
48,201,541512,G,9706,G,262262,G,1095213,1081,842.0,85.0,64.0,52.0,22.0,9.0,5.0,,,,,,,2023,"Harris County, TX",48201,6-digit,541512,262262000,1095213000,low,low,low
48,201,541513,G,1925,H,81722,H,256382,81,51.0,9.0,8.0,7.0,,,,,,,,,,2023,"Harris County, TX",48201,6-digit,541513,81722000,256382000,low,medium,medium
48,201,541519,G,2795,H,85626,H,305274,91,64.0,,7.0,6.0,8.0,,,,,,,,,2023,"Harris County, TX",48201,6-digit,541519,85626000,305274000,low,medium,medium
48,201,5416//,G,30505,G,968149,G,3823125,3649,2948.0,299.0,182.0,123.0,48.0,32.0,11.0,,4.0,3.0,,,,2023,"Harris County, TX",48201,4-digit,5416,968149000,3823125000,low,low,low
48,201,54161/,G,24318,G,799385,G,3118790,2919,2410.0,224.0,134.0,84.0,31.0,20.0,10.0,,4.0,3.0,,,,2023,"Harris County, TX",48201,5-digit,54161,799385000,3118790000,low,low,low
48,201,541611,G,16744,G,630601,G,2457773,1776,1468.0,127.0,88.0,51.0,18.0,10.0,9.0,,3.0,,,,,2023,"Harris County, TX",48201,6-digit,541611,630601000,2457773000,low,low,low
48,201,541612,G,2122,G,33231,G,144414,121,89.0,15.0,4.0,6.0,5.0,,,,,,,,,2023,"Harris County, TX",48201,6-digit,541612,33231000,144414000,low,low,low
48,201,541613,H,2436,G,35136,G,147105,626,536.0,45.0,24.0,14.0,6.0,,,,,,,,,2023,"Harris County, TX",48201,6-digit,541613,35136000,147105000,medium,low,low
48,201,541614,G,2355,G,75346,H,268653,173,119.0,21.0,14.0,9.0,,7.0,,,,,,,,2023,"Harris County, TX",48201,6-digit,541614,75346000,268653000,low,low,medium
48,201,541618,G,661,H,25071,H,100845,223,198.0,16.0,4.0,4.0,,,,,,,,,,2023,"Harris County, TX",48201,6-digit,541618,25071000,100845000,low,medium,medium
48,201,54162/,G,2253,G,62575,G,247738,135,69.0,22.0,15.0,17.0,7.0,5.0,,,,,,,,2023,"Harris County, TX",48201,5-digit,54162,62575000,247738000,low,low,low
48,201,541620,G,2253,G,62575,G,247738,135,69.0,22.0,15.0,17.0,7.0,5.0,,,,,,,,2023,"Harris County, TX",48201,6-digit,541620,62575000,247738000,low,low,low
48,201,54169/,H,3934,H,106189,H,456597,595,469.0,53.0,33.0,22.0,10.0,7.0,,,,,,,,2023,"Harris County, TX",48201,5-digit,54169,106189000,456597000,medium,medium,medium
48,201,541690,H,3934,H,106189,H,456597,595,469.0,53.0,33.0,22.0,10.0,7.0,,,,,,,,2023,"Harris County, TX",48201,6-digit,541690,106189000,456597000,medium,medium,medium
48,201,5417//,G,11227,H,515754,H,1733533,297,163.0,46.0,32.0,23.0,11.0,13.0,4.0,3.0,,,,,,2023,"Harris County, TX",48201,4-digit,5417,515754000,1733533000,low,medium,medium
48,201,54171/,G,10870,H,507292,H,1703081,274,147.0,44.0,29.0,22.0,11.0,12.0,4.0,3.0,,,,,,2023,"Harris County, TX",48201,5-digit,54171,507292000,1703081000,low,medium,medium
48,201,541713,H,872,H,23664,H,91879,24,12.0,4.0,,,3.0,,,,,,,,,2023,"Harris County, TX",48201,6-digit,541713,23664000,91879000,medium,medium,medium
48,201,541714,G,602,H,24373,G,88140,62,39.0,6.0,9.0,5.0,,,,,,,,,,2023,"Harris County, TX",48201,6-digit,541714,24373000,88140000,low,medium,low
48,201,541715,G,9396,H,459255,H,1523062,188,96.0,34.0,18.0,15.0,6.0,11.0,4.0,,,,,,,2023,"Harris County, TX",48201,6-digit,541715,459255000,1523062000,low,medium,medium
48,201,54172/,J,357,H,8462,H,30452,23,16.0,,3.0,,,,,,,,,,,2023,"Harris County, TX",48201,5-digit,54172,8462000,30452000,high,medium,medium
48,201,541720,J,357,H,8462,H,30452,23,16.0,,3.0,,,,,,,,,,,2023,"Harris County, TX",48201,6-digit,541720,8462000,30452000,high,medium,medium
48,201,5418//,G,3832,G,66868,G,267661,398,285.0,40.0,27.0,27.0,9.0,10.0,,,,,,,,2023,"Harris County, TX",48201,4-digit,5418,66868000,267661000,low,low,low
48,201,54181/,G,1610,H,35927,G,146273,178,130.0,18.0,12.0,11.0,,5.0,,,,,,,,2023,"Harris County, TX",48201,5-digit,54181,35927000,146273000,low,medium,low
48,201,541810,G,1610,H,35927,G,146273,178,130.0,18.0,12.0,11.0,,5.0,,,,,,,,2023,"Harris County, TX",48201,6-digit,541810,35927000,146273000,low,medium,low
48,201,54182/,G,277,G,5682,G,23018,63,48.0,7.0,3.0,5.0,,,,,,,,,,2023,"Harris County, TX",48201,5-digit,54182,5682000,23018000,low,low,low
48,201,541820,G,277,G,5682,G,23018,63,48.0,7.0,3.0,5.0,,,,,,,,,,2023,"Harris County, TX",48201,6-digit,541820,5682000,23018000,low,low,low
48,201,54183/,J,20,J,270,J,1403,7,6.0,,,,,,,,,,,,,2023,"Harris County, TX",48201,5-digit,54183,270000,1403000,high,high,high
48,201,541830,J,20,J,270,J,1403,7,6.0,,,,,,,,,,,,,2023,"Harris County, TX",48201,6-digit,541830,270000,1403000,high,high,high
48,201,54184/,H,49,J,227,H,1182,7,6.0,,,,,,,,,,,,,2023,"Harris County, TX",48201,5-digit,54184,227000,1182000,medium,high,medium
48,201,541840,H,49,J,227,H,1182,7,6.0,,,,,,,,,,,,,2023,"Harris County, TX",48201,6-digit,541840,227000,1182000,medium,high,medium
48,201,54185/,G,253,H,6412,H,20953,26,18.0,,4.0,,,,,,,,,,,2023,"Harris County, TX",48201,5-digit,54185,6412000,20953000,low,medium,medium
48,201,541850,G,253,H,6412,H,20953,26,18.0,,4.0,,,,,,,,,,,2023,"Harris County, TX",48201,6-digit,541850,6412000,20953000,low,medium,medium
48,201,54186/,G,305,G,3199,G,13228,21,14.0,,3.0,,,,,,,,,,,2023,"Harris County, TX",48201,5-digit,54186,3199000,13228000,low,low,low
48,201,541860,G,305,G,3199,G,13228,21,14.0,,3.0,,,,,,,,,,,2023,"Harris County, TX",48201,6-digit,541860,3199000,13228000,low,low,low
48,201,54187/,J,44,J,168,H,758,9,8.0,,,,,,,,,,,,,2023,"Harris County, TX",48201,5-digit,54187,168000,758000,high,high,medium
48,201,541870,J,44,J,168,H,758,9,8.0,,,,,,,,,,,,,2023,"Harris County, TX",48201,6-digit,541870,168000,758000,high,high,medium
48,201,54189/,G,1274,G,14983,G,60846,87,55.0,12.0,5.0,6.0,5.0,4.0,,,,,,,,2023,"Harris County, TX",48201,5-digit,54189,14983000,60846000,low,low,low
48,201,541890,G,1274,G,14983,G,60846,87,55.0,12.0,5.0,6.0,5.0,4.0,,,,,,,,2023,"Harris County, TX",48201,6-digit,541890,14983000,60846000,low,low,low
48,201,5419//,G,13494,G,240728,G,1008204,904,486.0,134.0,159.0,88.0,22.0,8.0,4.0,,,,,,,2023,"Harris County, TX",48201,4-digit,5419,240728000,1008204000,low,low,low
48,201,54191/,G,737,G,19918,G,90220,46,27.0,8.0,3.0,4.0,,,,,,,,,,2023,"Harris County, TX",48201,5-digit,54191,19918000,90220000,low,low,low
48,201,541910,G,737,G,19918,G,90220,46,27.0,8.0,3.0,4.0,,,,,,,,,,2023,"Harris County, TX",48201,6-digit,541910,19918000,90220000,low,low,low
48,201,54192/,H,600,G,4764,G,19383,186,156.0,18.0,10.0,,,,,,,,,,,2023,"Harris County, TX",48201,5-digit,54192,4764000,19383000,medium,low,low
48,201,541921,H,458,H,3479,G,13123,134,113.0,12.0,7.0,,,,,,,,,,,2023,"Harris County, TX",48201,6-digit,541921,3479000,13123000,medium,medium,low
48,201,541922,H,142,G,1285,G,6260,52,43.0,6.0,3.0,,,,,,,,,,,2023,"Harris County, TX",48201,6-digit,541922,1285000,6260000,medium,low,low
48,201,54193/,J,1052,J,13054,J,50532,45,32.0,6.0,,,,,,,,,,,,2023,"Harris County, TX",48201,5-digit,54193,13054000,50532000,high,high,high
48,201,541930,J,1052,J,13054,J,50532,45,32.0,6.0,,,,,,,,,,,,2023,"Harris County, TX",48201,6-digit,541930,13054000,50532000,high,high,high
48,201,54194/,G,5641,G,78922,G,323335,351,81.0,76.0,116.0,66.0,8.0,,,,,,,,,2023,"Harris County, TX",48201,5-digit,54194,78922000,323335000,low,low,low
48,201,541940,G,5641,G,78922,G,323335,351,81.0,76.0,116.0,66.0,8.0,,,,,,,,,2023,"Harris County, TX",48201,6-digit,541940,78922000,323335000,low,low,low
48,201,54199/,H,5464,H,124070,H,524734,276,190.0,26.0,28.0,15.0,11.0,,,,,,,,,2023,"Harris County, TX",48201,5-digit,54199,124070000,524734000,medium,medium,medium
48,201,541990,H,5464,H,124070,H,524734,276,190.0,26.0,28.0,15.0,11.0,,,,,,,,,2023,"Harris County, TX",48201,6-digit,541990,124070000,524734000,medium,medium,medium
48,201,55----,G,110088,H,7698769,H,20905249,960,303.0,113.0,119.0,150.0,84.0,100.0,42.0,28.0,21.0,4.0,12.0,4.0,,2023,"Harris County, TX",48201,2-digit,55,7698769000,20905249000,low,medium,medium
48,201,551///,G,110088,H,7698769,H,20905249,960,303.0,113.0,119.0,150.0,84.0,100.0,42.0,28.0,21.0,4.0,12.0,4.0,,2023,"Harris County, TX",48201,3-digit,551,7698769000,20905249000,low,medium,medium
48,201,5511//,G,110088,H,7698769,H,20905249,960,303.0,113.0,119.0,150.0,84.0,100.0,42.0,28.0,21.0,4.0,12.0,4.0,,2023,"Harris County, TX",48201,4-digit,5511,7698769000,20905249000,low,medium,medium
48,201,55111/,G,110088,H,7698769,H,20905249,960,303.0,113.0,119.0,150.0,84.0,100.0,42.0,28.0,21.0,4.0,12.0,4.0,,2023,"Harris County, TX",48201,5-digit,55111,7698769000,20905249000,low,medium,medium
48,201,551111,J,13,J,210,J,1049,3,,,,,,,,,,,,,,2023,"Harris County, TX",48201,6-digit,551111,210000,1049000,high,high,high
48,201,551112,G,2700,G,90358,G,327809,130,78.0,16.0,12.0,9.0,6.0,8.0,,,,,,,,2023,"Harris County, TX",48201,6-digit,551112,90358000,327809000,low,low,low
48,201,551114,G,107375,H,7608201,H,20576391,827,223.0,96.0,107.0,141.0,78.0,92.0,42.0,27.0,21.0,4.0,12.0,4.0,,2023,"Harris County, TX",48201,6-digit,551114,7608201000,20576391000,low,medium,medium
48,201,56----,G,151894,G,2082962,G,8293542,5608,2918.0,841.0,641.0,589.0,288.0,220.0,76.0,24.0,11.0,5.0,5.0,,,2023,"Harris County, TX",48201,2-digit,56,2082962000,8293542000,low,low,low
48,201,561///,G,140879,G,1850242,G,7406546,5194,2722.0,782.0,600.0,526.0,262.0,198.0,69.0,24.0,11.0,5.0,5.0,,,2023,"Harris County, TX",48201,3-digit,561,1850242000,7406546000,low,low,low
48,201,5611//,G,13662,G,360675,G,1400783,889,542.0,149.0,91.0,61.0,26.0,12.0,5.0,,,,,,,2023,"Harris County, TX",48201,4-digit,5611,360675000,1400783000,low,low,low
48,201,56111/,G,13662,G,360675,G,1400783,889,542.0,149.0,91.0,61.0,26.0,12.0,5.0,,,,,,,2023,"Harris County, TX",48201,5-digit,56111,360675000,1400783000,low,low,low
48,201,561110,G,13662,G,360675,G,1400783,889,542.0,149.0,91.0,61.0,26.0,12.0,5.0,,,,,,,2023,"Harris County, TX",48201,6-digit,561110,360675000,1400783000,low,low,low
48,201,5612//,J,4588,J,99217,J,357830,161,93.0,21.0,24.0,11.0,6.0,,3.0,,,,,,,2023,"Harris County, TX",48201,4-digit,5612,99217000,357830000,high,high,high
48,201,56121/,J,4588,J,99217,J,357830,161,93.0,21.0,24.0,11.0,6.0,,3.0,,,,,,,2023,"Harris County, TX",48201,5-digit,56121,99217000,357830000,high,high,high
48,201,561210,J,4588,J,99217,J,357830,161,93.0,21.0,24.0,11.0,6.0,,3.0,,,,,,,2023,"Harris County, TX",48201,6-digit,561210,99217000,357830000,high,high,high
48,201,5613//,G,46522,G,645433,G,2600186,1091,411.0,139.0,125.0,171.0,104.0,98.0,38.0,5.0,,,,,,2023,"Harris County, TX",48201,4-digit,5613,645433000,2600186000,low,low,low
48,201,56131/,G,6088,G,118695,G,473372,289,156.0,42.0,23.0,34.0,13.0,18.0,3.0,,,,,,,2023,"Harris County, TX",48201,5-digit,56131,118695000,473372000,low,low,low
48,201,561311,G,4932,G,62171,G,261084,179,88.0,25.0,11.0,24.0,12.0,17.0,,,,,,,,2023,"Harris County, TX",48201,6-digit,561311,62171000,261084000,low,low,low
48,201,561312,G,1156,H,56524,G,212288,110,68.0,17.0,12.0,10.0,,,,,,,,,,2023,"Harris County, TX",48201,6-digit,561312,56524000,212288000,low,medium,low
48,201,56132/,G,37772,G,488052,G,1967965,751,241.0,88.0,95.0,129.0,83.0,80.0,30.0,5.0,,,,,,2023,"Harris County, TX",48201,5-digit,56132,488052000,1967965000,low,low,low
48,201,561320,G,37772,G,488052,G,1967965,751,241.0,88.0,95.0,129.0,83.0,80.0,30.0,5.0,,,,,,2023,"Harris County, TX",48201,6-digit,561320,488052000,1967965000,low,low,low
48,201,56133/,H,2662,G,38686,G,158849,51,14.0,9.0,7.0,8.0,8.0,,5.0,,,,,,,2023,"Harris County, TX",48201,5-digit,56133,38686000,158849000,medium,low,low
48,201,561330,H,2662,G,38686,G,158849,51,14.0,9.0,7.0,8.0,8.0,,5.0,,,,,,,2023,"Harris County, TX",48201,6-digit,561330,38686000,158849000,medium,low,low
48,201,5614//,G,7291,H,93638,G,312031,430,221.0,95.0,59.0,28.0,11.0,10.0,4.0,,,,,,,2023,"Harris County, TX",48201,4-digit,5614,93638000,312031000,low,medium,low
48,201,56141/,J,587,H,2990,G,13951,72,43.0,13.0,5.0,11.0,,,,,,,,,,2023,"Harris County, TX",48201,5-digit,56141,2990000,13951000,high,medium,low
48,201,561410,J,587,H,2990,G,13951,72,43.0,13.0,5.0,11.0,,,,,,,,,,2023,"Harris County, TX",48201,6-digit,561410,2990000,13951000,high,medium,low
48,201,56142/,G,1602,G,12093,G,52813,46,18.0,8.0,8.0,5.0,,4.0,,,,,,,,2023,"Harris County, TX",48201,5-digit,56142,12093000,52813000,low,low,low
48,201,561421,H,448,H,4146,H,15673,22,6.0,6.0,6.0,,,,,,,,,,,2023,"Harris County, TX",48201,6-digit,561421,4146000,15673000,medium,medium,medium
48,201,561422,G,1154,G,7947,G,37140,24,12.0,,,3.0,,,,,,,,,,2023,"Harris County, TX",48201,6-digit,561422,7947000,37140000,low,low,low
48,201,56143/,H,915,G,7752,G,31724,168,82.0,58.0,26.0,,,,,,,,,,,2023,"Harris County, TX",48201,5-digit,56143,7752000,31724000,medium,low,low
48,201,561431,H,652,H,4837,H,20210,129,63.0,50.0,16.0,,,,,,,,,,,2023,"Harris County, TX",48201,6-digit,561431,4837000,20210000,medium,medium,medium
48,201,561439,H,263,H,2915,H,11514,39,19.0,8.0,10.0,,,,,,,,,,,2023,"Harris County, TX",48201,6-digit,561439,2915000,11514000,medium,medium,medium
48,201,56144/,G,2462,G,24177,G,87250,44,16.0,7.0,6.0,5.0,4.0,,3.0,,,,,,,2023,"Harris County, TX",48201,5-digit,56144,24177000,87250000,low,low,low
48,201,561440,G,2462,G,24177,G,87250,44,16.0,7.0,6.0,5.0,4.0,,3.0,,,,,,,2023,"Harris County, TX",48201,6-digit,561440,24177000,87250000,low,low,low
48,201,56145/,J,312,J,24329,J,41622,6,,,,,,,,,,,,,,2023,"Harris County, TX",48201,5-digit,56145,24329000,41622000,high,high,high
48,201,561450,J,312,J,24329,J,41622,6,,,,,,,,,,,,,,2023,"Harris County, TX",48201,6-digit,561450,24329000,41622000,high,high,high
48,201,56149/,H,1413,H,22297,H,84671,94,61.0,7.0,13.0,5.0,5.0,,,,,,,,,2023,"Harris County, TX",48201,5-digit,56149,22297000,84671000,medium,medium,medium
48,201,561491,J,83,J,1125,J,5295,5,,,,,,,,,,,,,,2023,"Harris County, TX",48201,6-digit,561491,1125000,5295000,high,high,high
48,201,561492,J,739,J,15355,J,57839,42,27.0,,8.0,3.0,,,,,,,,,,2023,"Harris County, TX",48201,6-digit,561492,15355000,57839000,high,high,high
48,201,561499,G,591,G,5817,G,21537,47,32.0,5.0,4.0,,3.0,,,,,,,,,2023,"Harris County, TX",48201,6-digit,561499,5817000,21537000,low,low,low
48,201,5615//,H,3147,G,59382,G,236809,184,144.0,14.0,15.0,5.0,3.0,,,,,,,,,2023,"Harris County, TX",48201,4-digit,5615,59382000,236809000,medium,low,low
48,201,56151/,H,1291,G,28164,G,110565,132,114.0,10.0,4.0,,,,,,,,,,,2023,"Harris County, TX",48201,5-digit,56151,28164000,110565000,medium,low,low
48,201,561510,H,1291,G,28164,G,110565,132,114.0,10.0,4.0,,,,,,,,,,,2023,"Harris County, TX",48201,6-digit,561510,28164000,110565000,medium,low,low
48,201,56152/,H,98,H,1197,H,5953,11,7.0,,,,,,,,,,,,,2023,"Harris County, TX",48201,5-digit,56152,1197000,5953000,medium,medium,medium
48,201,561520,H,98,H,1197,H,5953,11,7.0,,,,,,,,,,,,,2023,"Harris County, TX",48201,6-digit,561520,1197000,5953000,medium,medium,medium
48,201,56159/,H,1758,G,30021,G,120291,41,23.0,,10.0,3.0,,,,,,,,,,2023,"Harris County, TX",48201,5-digit,56159,30021000,120291000,medium,low,low
48,201,561599,H,1758,G,30021,G,120250,40,22.0,,10.0,3.0,,,,,,,,,,2023,"Harris County, TX",48201,6-digit,561599,30021000,120250000,medium,low,low
48,201,5616//,G,22616,G,197246,G,774978,500,226.0,78.0,61.0,45.0,39.0,34.0,6.0,8.0,3.0,,,,,2023,"Harris County, TX",48201,4-digit,5616,197246000,774978000,low,low,low
48,201,56161/,G,20021,G,163422,G,635283,335,134.0,47.0,43.0,31.0,34.0,30.0,6.0,7.0,3.0,,,,,2023,"Harris County, TX",48201,5-digit,56161,163422000,635283000,low,low,low
48,201,561611,G,1736,G,27885,G,109023,60,39.0,8.0,5.0,4.0,,,,,,,,,,2023,"Harris County, TX",48201,6-digit,561611,27885000,109023000,low,low,low
48,201,561612,G,17635,G,127282,G,492786,268,95.0,39.0,37.0,25.0,31.0,29.0,3.0,6.0,3.0,,,,,2023,"Harris County, TX",48201,6-digit,561612,127282000,492786000,low,low,low
48,201,561613,H,650,H,8255,H,33474,7,,,,,,,,,,,,,,2023,"Harris County, TX",48201,6-digit,561613,8255000,33474000,medium,medium,medium
48,201,56162/,G,2595,G,33824,G,139695,165,92.0,31.0,18.0,14.0,5.0,4.0,,,,,,,,2023,"Harris County, TX",48201,5-digit,56162,33824000,139695000,low,low,low
48,201,561621,H,2405,G,31829,G,131343,112,53.0,21.0,15.0,13.0,5.0,4.0,,,,,,,,2023,"Harris County, TX",48201,6-digit,561621,31829000,131343000,medium,low,low
48,201,561622,H,190,G,1995,G,8352,53,39.0,10.0,3.0,,,,,,,,,,,2023,"Harris County, TX",48201,6-digit,561622,1995000,8352000,medium,low,low
48,201,5617//,G,39633,G,346947,G,1531214,1731,970.0,250.0,206.0,183.0,65.0,33.0,13.0,6.0,5.0,,,,,2023,"Harris County, TX",48201,4-digit,5617,346947000,1531214000,low,low,low
48,201,56171/,G,2020,G,24162,G,109689,174,88.0,30.0,28.0,23.0,4.0,,,,,,,,,2023,"Harris County, TX",48201,5-digit,56171,24162000,109689000,low,low,low
48,201,561710,G,2020,G,24162,G,109689,174,88.0,30.0,28.0,23.0,4.0,,,,,,,,,2023,"Harris County, TX",48201,6-digit,561710,24162000,109689000,low,low,low
48,201,56172/,G,22491,G,151589,G,618642,580,326.0,79.0,56.0,67.0,21.0,13.0,8.0,6.0,4.0,,,,,2023,"Harris County, TX",48201,5-digit,56172,151589000,618642000,low,low,low
48,201,561720,G,22491,G,151589,G,618642,580,326.0,79.0,56.0,67.0,21.0,13.0,8.0,6.0,4.0,,,,,2023,"Harris County, TX",48201,6-digit,561720,151589000,618642000,low,low,low
48,201,56173/,G,13190,G,150966,G,711759,677,356.0,94.0,84.0,86.0,32.0,19.0,5.0,,,,,,,2023,"Harris County, TX",48201,5-digit,56173,150966000,711759000,low,low,low
48,201,561730,G,13190,G,150966,G,711759,677,356.0,94.0,84.0,86.0,32.0,19.0,5.0,,,,,,,2023,"Harris County, TX",48201,6-digit,561730,150966000,711759000,low,low,low
48,201,56174/,H,307,G,3442,G,13592,54,35.0,12.0,4.0,,,,,,,,,,,2023,"Harris County, TX",48201,5-digit,56174,3442000,13592000,medium,low,low
48,201,561740,H,307,G,3442,G,13592,54,35.0,12.0,4.0,,,,,,,,,,,2023,"Harris County, TX",48201,6-digit,561740,3442000,13592000,medium,low,low
48,201,56179/,G,1625,G,16788,G,77532,246,165.0,35.0,34.0,5.0,7.0,,,,,,,,,2023,"Harris County, TX",48201,5-digit,56179,16788000,77532000,low,low,low
48,201,561790,G,1625,G,16788,G,77532,246,165.0,35.0,34.0,5.0,7.0,,,,,,,,,2023,"Harris County, TX",48201,6-digit,561790,16788000,77532000,low,low,low
48,201,5619//,G,3420,G,47704,G,192715,208,115.0,36.0,19.0,22.0,8.0,8.0,,,,,,,,2023,"Harris County, TX",48201,4-digit,5619,47704000,192715000,low,low,low
48,201,56191/,J,508,H,5612,H,24250,22,9.0,5.0,,3.0,,,,,,,,,,2023,"Harris County, TX",48201,5-digit,56191,5612000,24250000,high,medium,medium
48,201,561910,J,508,H,5612,H,24250,22,9.0,5.0,,3.0,,,,,,,,,,2023,"Harris County, TX",48201,6-digit,561910,5612000,24250000,high,medium,medium
48,201,56192/,G,959,G,12196,H,58048,77,52.0,11.0,6.0,4.0,,3.0,,,,,,,,2023,"Harris County, TX",48201,5-digit,56192,12196000,58048000,low,low,medium
48,201,561920,G,959,G,12196,H,58048,77,52.0,11.0,6.0,4.0,,3.0,,,,,,,,2023,"Harris County, TX",48201,6-digit,561920,12196000,58048000,low,low,medium
48,201,56199/,G,1953,G,29896,G,110417,109,54.0,20.0,11.0,15.0,5.0,4.0,,,,,,,,2023,"Harris County, TX",48201,5-digit,56199,29896000,110417000,low,low,low
48,201,561990,G,1953,G,29896,G,110417,109,54.0,20.0,11.0,15.0,5.0,4.0,,,,,,,,2023,"Harris County, TX",48201,6-digit,561990,29896000,110417000,low,low,low
48,201,562///,G,11015,G,232720,G,886996,414,196.0,59.0,41.0,63.0,26.0,22.0,7.0,,,,,,,2023,"Harris County, TX",48201,3-digit,562,232720000,886996000,low,low,low
48,201,5621//,G,4195,H,96383,H,366067,161,89.0,23.0,14.0,16.0,5.0,11.0,3.0,,,,,,,2023,"Harris County, TX",48201,4-digit,5621,96383000,366067000,low,medium,medium
48,201,56211/,G,4195,H,96383,H,366067,161,89.0,23.0,14.0,16.0,5.0,11.0,3.0,,,,,,,2023,"Harris County, TX",48201,5-digit,56211,96383000,366067000,low,medium,medium
48,201,562111,G,3921,H,90465,H,342028,131,71.0,18.0,12.0,11.0,5.0,11.0,3.0,,,,,,,2023,"Harris County, TX",48201,6-digit,562111,90465000,342028000,low,medium,medium
48,201,562112,G,209,G,4379,G,19881,13,5.0,,,5.0,,,,,,,,,,2023,"Harris County, TX",48201,6-digit,562112,4379000,19881000,low,low,low
48,201,562119,J,65,H,1539,H,4158,17,13.0,3.0,,,,,,,,,,,,2023,"Harris County, TX",48201,6-digit,562119,1539000,4158000,high,medium,medium
48,201,5622//,H,1768,G,36820,G,140506,62,28.0,10.0,6.0,12.0,3.0,,,,,,,,,2023,"Harris County, TX",48201,4-digit,5622,36820000,140506000,medium,low,low
48,201,56221/,H,1768,G,36820,G,140506,62,28.0,10.0,6.0,12.0,3.0,,,,,,,,,2023,"Harris County, TX",48201,5-digit,56221,36820000,140506000,medium,low,low
48,201,562211,H,893,H,15025,H,58641,19,8.0,,,5.0,,,,,,,,,,2023,"Harris County, TX",48201,6-digit,562211,15025000,58641000,medium,medium,medium
48,201,562212,H,664,H,14699,H,59299,29,12.0,7.0,,6.0,,,,,,,,,,2023,"Harris County, TX",48201,6-digit,562212,14699000,59299000,medium,medium,medium
48,201,562219,J,209,J,7053,J,22382,13,7.0,,,,,,,,,,,,,2023,"Harris County, TX",48201,6-digit,562219,7053000,22382000,high,high,high
48,201,5629//,G,5052,G,99517,G,380423,191,79.0,26.0,21.0,35.0,18.0,10.0,,,,,,,,2023,"Harris County, TX",48201,4-digit,5629,99517000,380423000,low,low,low
48,201,56291/,G,1753,G,42572,G,149343,81,33.0,11.0,11.0,15.0,9.0,,,,,,,,,2023,"Harris County, TX",48201,5-digit,56291,42572000,149343000,low,low,low
48,201,562910,G,1753,G,42572,G,149343,81,33.0,11.0,11.0,15.0,9.0,,,,,,,,,2023,"Harris County, TX",48201,6-digit,562910,42572000,149343000,low,low,low
48,201,56292/,H,563,H,12164,H,36353,29,13.0,6.0,3.0,4.0,,,,,,,,,,2023,"Harris County, TX",48201,5-digit,56292,12164000,36353000,medium,medium,medium
48,201,562920,H,563,H,12164,H,36353,29,13.0,6.0,3.0,4.0,,,,,,,,,,2023,"Harris County, TX",48201,6-digit,562920,12164000,36353000,medium,medium,medium
48,201,56299/,G,2736,G,44781,G,194727,81,33.0,9.0,7.0,16.0,7.0,7.0,,,,,,,,2023,"Harris County, TX",48201,5-digit,56299,44781000,194727000,low,low,low
48,201,562991,G,946,G,17160,G,73251,29,14.0,5.0,4.0,,,3.0,,,,,,,,2023,"Harris County, TX",48201,6-digit,562991,17160000,73251000,low,low,low
48,201,562998,G,1790,H,27621,G,121476,52,19.0,4.0,3.0,15.0,6.0,4.0,,,,,,,,2023,"Harris County, TX",48201,6-digit,562998,27621000,121476000,low,medium,low
48,201,61----,G,54606,H,906299,H,3667543,1476,701.0,237.0,198.0,197.0,81.0,48.0,8.0,,4.0,,,,3.0,2023,"Harris County, TX",48201,2-digit,61,906299000,3667543000,low,medium,medium
48,201,611///,G,54606,H,906299,H,3667543,1476,701.0,237.0,198.0,197.0,81.0,48.0,8.0,,4.0,,,,3.0,2023,"Harris County, TX",48201,3-digit,611,906299000,3667543000,low,medium,medium
48,201,6111//,G,21093,G,272377,G,1149207,287,38.0,24.0,42.0,89.0,56.0,33.0,3.0,,,,,,,2023,"Harris County, TX",48201,4-digit,6111,272377000,1149207000,low,low,low
48,201,61111/,G,21093,G,272377,G,1149207,287,38.0,24.0,42.0,89.0,56.0,33.0,3.0,,,,,,,2023,"Harris County, TX",48201,5-digit,61111,272377000,1149207000,low,low,low
48,201,611110,G,21093,G,272377,G,1149207,287,38.0,24.0,42.0,89.0,56.0,33.0,3.0,,,,,,,2023,"Harris County, TX",48201,6-digit,611110,272377000,1149207000,low,low,low
48,201,6112//,H,435,H,5502,H,23044,11,,,,5.0,,,,,,,,,,2023,"Harris County, TX",48201,4-digit,6112,5502000,23044000,medium,medium,medium
48,201,61121/,H,435,H,5502,H,23044,11,,,,5.0,,,,,,,,,,2023,"Harris County, TX",48201,5-digit,61121,5502000,23044000,medium,medium,medium
48,201,611210,H,435,H,5502,H,23044,11,,,,5.0,,,,,,,,,,2023,"Harris County, TX",48201,6-digit,611210,5502000,23044000,medium,medium,medium
48,201,6113//,G,22145,H,540597,H,2129595,42,10.0,5.0,5.0,10.0,,4.0,,,,,,,,2023,"Harris County, TX",48201,4-digit,6113,540597000,2129595000,low,medium,medium
48,201,61131/,G,22145,H,540597,H,2129595,42,10.0,5.0,5.0,10.0,,4.0,,,,,,,,2023,"Harris County, TX",48201,5-digit,61131,540597000,2129595000,low,medium,medium
48,201,611310,G,22145,H,540597,H,2129595,42,10.0,5.0,5.0,10.0,,4.0,,,,,,,,2023,"Harris County, TX",48201,6-digit,611310,540597000,2129595000,low,medium,medium
48,201,6114//,G,1192,G,18921,G,75540,118,82.0,16.0,8.0,8.0,,3.0,,,,,,,,2023,"Harris County, TX",48201,4-digit,6114,18921000,75540000,low,low,low
48,201,61142/,G,564,G,8614,H,33151,30,17.0,5.0,3.0,,,,,,,,,,,2023,"Harris County, TX",48201,5-digit,61142,8614000,33151000,low,low,medium
48,201,611420,G,564,G,8614,H,33151,30,17.0,5.0,3.0,,,,,,,,,,,2023,"Harris County, TX",48201,6-digit,611420,8614000,33151000,low,low,medium
48,201,61143/,H,615,G,10115,G,41618,86,64.0,10.0,5.0,6.0,,,,,,,,,,2023,"Harris County, TX",48201,5-digit,61143,10115000,41618000,medium,low,low
48,201,611430,H,615,G,10115,G,41618,86,64.0,10.0,5.0,6.0,,,,,,,,,,2023,"Harris County, TX",48201,6-digit,611430,10115000,41618000,medium,low,low
48,201,6115//,G,1498,G,17500,G,72382,149,80.0,26.0,23.0,13.0,7.0,,,,,,,,,2023,"Harris County, TX",48201,4-digit,6115,17500000,72382000,low,low,low
48,201,61151/,G,1498,G,17500,G,72382,149,80.0,26.0,23.0,13.0,7.0,,,,,,,,,2023,"Harris County, TX",48201,5-digit,61151,17500000,72382000,low,low,low
48,201,611511,G,326,G,2727,G,11351,43,27.0,8.0,6.0,,,,,,,,,,,2023,"Harris County, TX",48201,6-digit,611511,2727000,11351000,low,low,low
48,201,611512,H,164,J,2417,J,11328,7,,,,,,,,,,,,,,2023,"Harris County, TX",48201,6-digit,611512,2417000,11328000,medium,high,high
48,201,611513,J,245,H,1965,H,8132,13,6.0,,,,,,,,,,,,,2023,"Harris County, TX",48201,6-digit,611513,1965000,8132000,high,medium,medium
48,201,611519,H,763,G,10391,G,41571,86,47.0,14.0,14.0,8.0,3.0,,,,,,,,,2023,"Harris County, TX",48201,6-digit,611519,10391000,41571000,medium,low,low
48,201,6116//,G,6791,G,39535,G,169967,749,412.0,154.0,104.0,61.0,12.0,4.0,,,,,,,,2023,"Harris County, TX",48201,4-digit,6116,39535000,169967000,low,low,low
48,201,61161/,H,1100,G,6736,G,29814,176,97.0,49.0,22.0,5.0,3.0,,,,,,,,,2023,"Harris County, TX",48201,5-digit,61161,6736000,29814000,medium,low,low
48,201,611610,H,1100,G,6736,G,29814,176,97.0,49.0,22.0,5.0,3.0,,,,,,,,,2023,"Harris County, TX",48201,6-digit,611610,6736000,29814000,medium,low,low
48,201,61162/,G,2898,G,14454,G,64709,260,131.0,48.0,35.0,38.0,7.0,,,,,,,,,2023,"Harris County, TX",48201,5-digit,61162,14454000,64709000,low,low,low
48,201,611620,G,2898,G,14454,G,64709,260,131.0,48.0,35.0,38.0,7.0,,,,,,,,,2023,"Harris County, TX",48201,6-digit,611620,14454000,64709000,low,low,low
48,201,61163/,G,282,G,1576,G,6890,28,14.0,6.0,6.0,,,,,,,,,,,2023,"Harris County, TX",48201,5-digit,61163,1576000,6890000,low,low,low
48,201,611630,G,282,G,1576,G,6890,28,14.0,6.0,6.0,,,,,,,,,,,2023,"Harris County, TX",48201,6-digit,611630,1576000,6890000,low,low,low
48,201,61169/,H,2511,H,16769,H,68554,285,170.0,51.0,41.0,17.0,,3.0,,,,,,,,2023,"Harris County, TX",48201,5-digit,61169,16769000,68554000,medium,medium,medium
48,201,611691,H,1251,G,5260,G,23348,159,79.0,35.0,32.0,11.0,,,,,,,,,,2023,"Harris County, TX",48201,6-digit,611691,5260000,23348000,medium,low,low
48,201,611692,H,358,J,3574,J,14757,43,27.0,12.0,,,,,,,,,,,,2023,"Harris County, TX",48201,6-digit,611692,3574000,14757000,medium,high,high
48,201,611699,G,902,H,7935,H,30449,83,64.0,4.0,8.0,5.0,,,,,,,,,,2023,"Harris County, TX",48201,6-digit,611699,7935000,30449000,low,medium,medium
48,201,6117//,H,1452,G,11867,G,47808,120,77.0,12.0,15.0,11.0,,,,,,,,,,2023,"Harris County, TX",48201,4-digit,6117,11867000,47808000,medium,low,low
48,201,61171/,H,1452,G,11867,G,47808,120,77.0,12.0,15.0,11.0,,,,,,,,,,2023,"Harris County, TX",48201,5-digit,61171,11867000,47808000,medium,low,low
48,201,611710,H,1452,G,11867,G,47808,120,77.0,12.0,15.0,11.0,,,,,,,,,,2023,"Harris County, TX",48201,6-digit,611710,11867000,47808000,medium,low,low
48,201,62----,G,303127,G,4864236,G,20502553,13458,6939.0,2722.0,1880.0,1178.0,374.0,245.0,61.0,29.0,30.0,11.0,9.0,4.0,6.0,2023,"Harris County, TX",48201,2-digit,62,4864236000,20502553000,low,low,low
48,201,621///,G,129335,G,2014364,G,8383850,10905,6100.0,2278.0,1408.0,744.0,208.0,120.0,28.0,14.0,5.0,,,,,2023,"Harris County, TX",48201,3-digit,621,2014364000,8383850000,low,low,low
48,201,6211//,G,41464,G,1116791,G,4660685,4110,2528.0,766.0,479.0,254.0,47.0,23.0,7.0,3.0,3.0,,,,,2023,"Harris County, TX",48201,4-digit,6211,1116791000,4660685000,low,low,low
48,201,62111/,G,41464,G,1116791,G,4660685,4110,2528.0,766.0,479.0,254.0,47.0,23.0,7.0,3.0,3.0,,,,,2023,"Harris County, TX",48201,5-digit,62111,1116791000,4660685000,low,low,low
48,201,621111,G,40528,G,1100474,G,4588497,3888,2358.0,737.0,462.0,249.0,46.0,23.0,7.0,3.0,3.0,,,,,2023,"Harris County, TX",48201,6-digit,621111,1100474000,4588497000,low,low,low
48,201,621112,G,936,G,16317,G,72188,222,170.0,29.0,17.0,5.0,,,,,,,,,,2023,"Harris County, TX",48201,6-digit,621112,16317000,72188000,low,low,low
48,201,6212//,G,14168,G,179028,G,763757,2302,1078.0,777.0,380.0,59.0,7.0,,,,,,,,,2023,"Harris County, TX",48201,4-digit,6212,179028000,763757000,low,low,low
48,201,62121/,G,14168,G,179028,G,763757,2302,1078.0,777.0,380.0,59.0,7.0,,,,,,,,,2023,"Harris County, TX",48201,5-digit,62121,179028000,763757000,low,low,low
48,201,621210,G,14168,G,179028,G,763757,2302,1078.0,777.0,380.0,59.0,7.0,,,,,,,,,2023,"Harris County, TX",48201,6-digit,621210,179028000,763757000,low,low,low
48,201,6213//,G,11863,G,129662,G,538778,2075,1383.0,403.0,188.0,84.0,12.0,4.0,,,,,,,,2023,"Harris County, TX",48201,4-digit,6213,129662000,538778000,low,low,low
48,201,62131/,G,1423,G,13235,G,56728,372,268.0,78.0,24.0,,,,,,,,,,,2023,"Harris County, TX",48201,5-digit,62131,13235000,56728000,low,low,low
48,201,621310,G,1423,G,13235,G,56728,372,268.0,78.0,24.0,,,,,,,,,,,2023,"Harris County, TX",48201,6-digit,621310,13235000,56728000,low,low,low
48,201,62132/,G,2326,G,24694,G,102054,407,214.0,136.0,43.0,13.0,,,,,,,,,,2023,"Harris County, TX",48201,5-digit,62132,24694000,102054000,low,low,low
48,201,621320,G,2326,G,24694,G,102054,407,214.0,136.0,43.0,13.0,,,,,,,,,,2023,"Harris County, TX",48201,6-digit,621320,24694000,102054000,low,low,low
48,201,62133/,G,1760,G,18297,G,80856,451,366.0,31.0,36.0,15.0,3.0,,,,,,,,,2023,"Harris County, TX",48201,5-digit,62133,18297000,80856000,low,low,low
48,201,621330,G,1760,G,18297,G,80856,451,366.0,31.0,36.0,15.0,3.0,,,,,,,,,2023,"Harris County, TX",48201,6-digit,621330,18297000,80856000,low,low,low
48,201,62134/,G,4410,G,48834,G,186099,419,216.0,91.0,59.0,44.0,5.0,3.0,,,,,,,,2023,"Harris County, TX",48201,5-digit,62134,48834000,186099000,low,low,low
48,201,621340,G,4410,G,48834,G,186099,419,216.0,91.0,59.0,44.0,5.0,3.0,,,,,,,,2023,"Harris County, TX",48201,6-digit,621340,48834000,186099000,low,low,low
48,201,62139/,G,1944,G,24602,G,113041,426,319.0,67.0,26.0,10.0,3.0,,,,,,,,,2023,"Harris County, TX",48201,5-digit,62139,24602000,113041000,low,low,low
48,201,621391,G,377,G,5093,G,22748,69,40.0,21.0,6.0,,,,,,,,,,,2023,"Harris County, TX",48201,6-digit,621391,5093000,22748000,low,low,low
48,201,621399,G,1567,G,19509,G,90293,357,279.0,46.0,20.0,8.0,3.0,,,,,,,,,2023,"Harris County, TX",48201,6-digit,621399,19509000,90293000,low,low,low
48,201,6214//,G,12731,G,202248,G,811322,761,294.0,115.0,152.0,144.0,45.0,9.0,,,,,,,,2023,"Harris County, TX",48201,4-digit,6214,202248000,811322000,low,low,low
48,201,62141/,G,754,G,12957,G,52284,55,29.0,13.0,4.0,6.0,,,,,,,,,,2023,"Harris County, TX",48201,5-digit,62141,12957000,52284000,low,low,low
48,201,621410,G,754,G,12957,G,52284,55,29.0,13.0,4.0,6.0,,,,,,,,,,2023,"Harris County, TX",48201,6-digit,621410,12957000,52284000,low,low,low
48,201,62142/,G,1135,G,12039,G,49616,106,61.0,16.0,14.0,10.0,4.0,,,,,,,,,2023,"Harris County, TX",48201,5-digit,62142,12039000,49616000,low,low,low
48,201,621420,G,1135,G,12039,G,49616,106,61.0,16.0,14.0,10.0,4.0,,,,,,,,,2023,"Harris County, TX",48201,6-digit,621420,12039000,49616000,low,low,low
48,201,62149/,H,10842,H,177252,H,709422,600,204.0,86.0,134.0,128.0,40.0,6.0,,,,,,,,2023,"Harris County, TX",48201,5-digit,62149,177252000,709422000,medium,medium,medium
48,201,621492,J,2483,J,39941,J,155167,166,31.0,21.0,66.0,43.0,5.0,,,,,,,,,2023,"Harris County, TX",48201,6-digit,621492,39941000,155167000,high,high,high
48,201,621493,G,3678,G,56905,G,228658,207,73.0,22.0,35.0,63.0,13.0,,,,,,,,,2023,"Harris County, TX",48201,6-digit,621493,56905000,228658000,low,low,low
48,201,621498,G,4681,H,80406,H,325597,227,100.0,43.0,33.0,22.0,22.0,5.0,,,,,,,,2023,"Harris County, TX",48201,6-digit,621498,80406000,325597000,low,medium,medium
48,201,6215//,H,6947,G,95417,G,404735,665,465.0,81.0,65.0,34.0,7.0,9.0,3.0,,,,,,,2023,"Harris County, TX",48201,4-digit,6215,95417000,404735000,medium,low,low
48,201,62151/,H,6947,G,95417,G,404735,665,465.0,81.0,65.0,34.0,7.0,9.0,3.0,,,,,,,2023,"Harris County, TX",48201,5-digit,62151,95417000,404735000,medium,low,low
48,201,621511,H,4629,H,65007,H,274229,491,378.0,54.0,33.0,12.0,5.0,6.0,,,,,,,,2023,"Harris County, TX",48201,6-digit,621511,65007000,274229000,medium,medium,medium
48,201,621512,G,2318,G,30410,G,130506,174,87.0,27.0,32.0,22.0,,3.0,,,,,,,,2023,"Harris County, TX",48201,6-digit,621512,30410000,130506000,low,low,low
48,201,6216//,G,36855,G,208705,G,881557,721,211.0,87.0,113.0,139.0,77.0,70.0,14.0,9.0,,,,,,2023,"Harris County, TX",48201,4-digit,6216,208705000,881557000,low,low,low
48,201,62161/,G,36855,G,208705,G,881557,721,211.0,87.0,113.0,139.0,77.0,70.0,14.0,9.0,,,,,,2023,"Harris County, TX",48201,5-digit,62161,208705000,881557000,low,low,low
48,201,621610,G,36855,G,208705,G,881557,721,211.0,87.0,113.0,139.0,77.0,70.0,14.0,9.0,,,,,,2023,"Harris County, TX",48201,6-digit,621610,208705000,881557000,low,low,low
48,201,6219//,G,5307,H,82513,G,323016,271,141.0,49.0,31.0,30.0,13.0,4.0,,,,,,,,2023,"Harris County, TX",48201,4-digit,6219,82513000,323016000,low,medium,low
48,201,62191/,G,2137,G,25246,G,109685,102,49.0,17.0,13.0,11.0,8.0,3.0,,,,,,,,2023,"Harris County, TX",48201,5-digit,62191,25246000,109685000,low,low,low
48,201,621910,G,2137,G,25246,G,109685,102,49.0,17.0,13.0,11.0,8.0,3.0,,,,,,,,2023,"Harris County, TX",48201,6-digit,621910,25246000,109685000,low,low,low
48,201,62199/,H,3170,H,57267,H,213331,169,92.0,32.0,18.0,19.0,5.0,,,,,,,,,2023,"Harris County, TX",48201,5-digit,62199,57267000,213331000,medium,medium,medium
48,201,621991,G,1232,G,18762,G,71981,30,3.0,8.0,,10.0,5.0,,,,,,,,,2023,"Harris County, TX",48201,6-digit,621991,18762000,71981000,low,low,low
48,201,621999,H,1938,H,38505,H,141350,139,89.0,24.0,16.0,9.0,,,,,,,,,,2023,"Harris County, TX",48201,6-digit,621999,38505000,141350000,medium,medium,medium
48,201,622///,G,110412,G,2392262,G,10209757,79,10.0,,,,6.0,19.0,9.0,7.0,25.0,9.0,7.0,3.0,6.0,2023,"Harris County, TX",48201,3-digit,622,2392262000,10209757000,low,low,low
48,201,6221//,H,78138,H,1621696,H,6702174,49,5.0,,,,3.0,7.0,3.0,6.0,23.0,8.0,7.0,3.0,5.0,2023,"Harris County, TX",48201,4-digit,6221,1621696000,6702174000,medium,medium,medium
48,201,62211/,H,78138,H,1621696,H,6702174,49,5.0,,,,3.0,7.0,3.0,6.0,23.0,8.0,7.0,3.0,5.0,2023,"Harris County, TX",48201,5-digit,62211,1621696000,6702174000,medium,medium,medium
48,201,622110,H,78138,H,1621696,H,6702174,49,5.0,,,,3.0,7.0,3.0,6.0,23.0,8.0,7.0,3.0,5.0,2023,"Harris County, TX",48201,6-digit,622110,1621696000,6702174000,medium,medium,medium
48,201,6222//,G,2942,G,38396,G,156049,14,,,,,3.0,,5.0,,,,,,,2023,"Harris County, TX",48201,4-digit,6222,38396000,156049000,low,low,low
48,201,62221/,G,2942,G,38396,G,156049,14,,,,,3.0,,5.0,,,,,,,2023,"Harris County, TX",48201,5-digit,62221,38396000,156049000,low,low,low
48,201,622210,G,2942,G,38396,G,156049,14,,,,,3.0,,5.0,,,,,,,2023,"Harris County, TX",48201,6-digit,622210,38396000,156049000,low,low,low
48,201,6223//,J,29332,J,732170,J,3351534,16,3.0,,,,,10.0,,,,,,,,2023,"Harris County, TX",48201,4-digit,6223,732170000,3351534000,high,high,high
48,201,62231/,J,29332,J,732170,J,3351534,16,3.0,,,,,10.0,,,,,,,,2023,"Harris County, TX",48201,5-digit,62231,732170000,3351534000,high,high,high
48,201,622310,J,29332,J,732170,J,3351534,16,3.0,,,,,10.0,,,,,,,,2023,"Harris County, TX",48201,6-digit,622310,732170000,3351534000,high,high,high
48,201,623///,G,20017,G,177993,G,732917,531,153.0,79.0,78.0,77.0,77.0,65.0,,,,,,,,2023,"Harris County, TX",48201,3-digit,623,177993000,732917000,low,low,low
48,201,6231//,G,9316,G,90747,G,378079,146,25.0,7.0,15.0,17.0,40.0,42.0,,,,,,,,2023,"Harris County, TX",48201,4-digit,6231,90747000,378079000,low,low,low
48,201,62311/,G,9316,G,90747,G,378079,146,25.0,7.0,15.0,17.0,40.0,42.0,,,,,,,,2023,"Harris County, TX",48201,5-digit,62311,90747000,378079000,low,low,low
48,201,623110,G,9316,G,90747,G,378079,146,25.0,7.0,15.0,17.0,40.0,42.0,,,,,,,,2023,"Harris County, TX",48201,6-digit,623110,90747000,378079000,low,low,low
48,201,6232//,G,2911,G,27371,G,108520,199,82.0,51.0,31.0,19.0,12.0,4.0,,,,,,,,2023,"Harris County, TX",48201,4-digit,6232,27371000,108520000,low,low,low
48,201,62321/,G,1691,G,14191,G,56015,142,62.0,43.0,20.0,9.0,6.0,,,,,,,,,2023,"Harris County, TX",48201,5-digit,62321,14191000,56015000,low,low,low
48,201,623210,G,1691,G,14191,G,56015,142,62.0,43.0,20.0,9.0,6.0,,,,,,,,,2023,"Harris County, TX",48201,6-digit,623210,14191000,56015000,low,low,low
48,201,62322/,G,1220,G,13180,G,52505,57,20.0,8.0,11.0,10.0,6.0,,,,,,,,,2023,"Harris County, TX",48201,5-digit,62322,13180000,52505000,low,low,low
48,201,623220,G,1220,G,13180,G,52505,57,20.0,8.0,11.0,10.0,6.0,,,,,,,,,2023,"Harris County, TX",48201,6-digit,623220,13180000,52505000,low,low,low
48,201,6233//,G,7111,G,53827,G,220134,155,34.0,16.0,25.0,37.0,23.0,18.0,,,,,,,,2023,"Harris County, TX",48201,4-digit,6233,53827000,220134000,low,low,low
48,201,62331/,G,7111,G,53827,G,220134,155,34.0,16.0,25.0,37.0,23.0,18.0,,,,,,,,2023,"Harris County, TX",48201,5-digit,62331,53827000,220134000,low,low,low
48,201,623311,G,2451,G,21100,G,85679,31,6.0,3.0,,8.0,3.0,9.0,,,,,,,,2023,"Harris County, TX",48201,6-digit,623311,21100000,85679000,low,low,low
48,201,623312,G,4660,G,32727,G,134455,124,28.0,13.0,24.0,29.0,20.0,9.0,,,,,,,,2023,"Harris County, TX",48201,6-digit,623312,32727000,134455000,low,low,low
48,201,6239//,H,679,H,6048,H,26184,31,12.0,5.0,7.0,4.0,,,,,,,,,,2023,"Harris County, TX",48201,4-digit,6239,6048000,26184000,medium,medium,medium
48,201,62399/,H,679,H,6048,H,26184,31,12.0,5.0,7.0,4.0,,,,,,,,,,2023,"Harris County, TX",48201,5-digit,62399,6048000,26184000,medium,medium,medium
48,201,623990,H,679,H,6048,H,26184,31,12.0,5.0,7.0,4.0,,,,,,,,,,2023,"Harris County, TX",48201,6-digit,623990,6048000,26184000,medium,medium,medium
48,201,624///,G,43363,G,279617,G,1176029,1943,676.0,364.0,394.0,355.0,83.0,41.0,23.0,7.0,,,,,,2023,"Harris County, TX",48201,3-digit,624,279617000,1176029000,low,low,low
48,201,6241//,G,21325,G,123915,G,528576,776,363.0,127.0,93.0,96.0,45.0,35.0,12.0,5.0,,,,,,2023,"Harris County, TX",48201,4-digit,6241,123915000,528576000,low,low,low
48,201,62411/,G,1749,G,20307,G,86255,159,84.0,42.0,16.0,12.0,3.0,,,,,,,,,2023,"Harris County, TX",48201,5-digit,62411,20307000,86255000,low,low,low
48,201,624110,G,1749,G,20307,G,86255,159,84.0,42.0,16.0,12.0,3.0,,,,,,,,,2023,"Harris County, TX",48201,6-digit,624110,20307000,86255000,low,low,low
48,201,62412/,G,16163,G,63830,G,272442,352,117.0,50.0,46.0,64.0,32.0,29.0,9.0,5.0,,,,,,2023,"Harris County, TX",48201,5-digit,62412,63830000,272442000,low,low,low
48,201,624120,G,16163,G,63830,G,272442,352,117.0,50.0,46.0,64.0,32.0,29.0,9.0,5.0,,,,,,2023,"Harris County, TX",48201,6-digit,624120,63830000,272442000,low,low,low
48,201,62419/,G,3413,G,39778,G,169879,265,162.0,35.0,31.0,20.0,10.0,6.0,,,,,,,,2023,"Harris County, TX",48201,5-digit,62419,39778000,169879000,low,low,low
48,201,624190,G,3413,G,39778,G,169879,265,162.0,35.0,31.0,20.0,10.0,6.0,,,,,,,,2023,"Harris County, TX",48201,6-digit,624190,39778000,169879000,low,low,low
48,201,6242//,G,4354,G,44733,G,185856,93,37.0,17.0,12.0,12.0,5.0,,6.0,,,,,,,2023,"Harris County, TX",48201,4-digit,6242,44733000,185856000,low,low,low
48,201,62421/,J,906,J,10297,J,41484,21,10.0,3.0,4.0,,,,,,,,,,,2023,"Harris County, TX",48201,5-digit,62421,10297000,41484000,high,high,high
48,201,624210,J,906,J,10297,J,41484,21,10.0,3.0,4.0,,,,,,,,,,,2023,"Harris County, TX",48201,6-digit,624210,10297000,41484000,high,high,high
48,201,62422/,H,1484,G,15394,G,65066,47,18.0,8.0,7.0,7.0,4.0,,,,,,,,,2023,"Harris County, TX",48201,5-digit,62422,15394000,65066000,medium,low,low
48,201,624221,H,1203,G,11869,H,49689,28,9.0,7.0,4.0,,3.0,,,,,,,,,2023,"Harris County, TX",48201,6-digit,624221,11869000,49689000,medium,low,medium
48,201,624229,H,281,H,3525,H,15377,19,9.0,,3.0,5.0,,,,,,,,,,2023,"Harris County, TX",48201,6-digit,624229,3525000,15377000,medium,medium,medium
48,201,62423/,H,1964,J,19042,H,79306,25,9.0,6.0,,3.0,,,4.0,,,,,,,2023,"Harris County, TX",48201,5-digit,62423,19042000,79306000,medium,high,medium
48,201,624230,H,1964,J,19042,H,79306,25,9.0,6.0,,3.0,,,4.0,,,,,,,2023,"Harris County, TX",48201,6-digit,624230,19042000,79306000,medium,high,medium
48,201,6243//,G,997,G,9560,G,39489,46,17.0,6.0,12.0,6.0,3.0,,,,,,,,,2023,"Harris County, TX",48201,4-digit,6243,9560000,39489000,low,low,low
48,201,62431/,G,997,G,9560,G,39489,46,17.0,6.0,12.0,6.0,3.0,,,,,,,,,2023,"Harris County, TX",48201,5-digit,62431,9560000,39489000,low,low,low
48,201,624310,G,997,G,9560,G,39489,46,17.0,6.0,12.0,6.0,3.0,,,,,,,,,2023,"Harris County, TX",48201,6-digit,624310,9560000,39489000,low,low,low
48,201,6244//,G,16687,G,101409,G,422108,1028,259.0,214.0,277.0,241.0,30.0,3.0,4.0,,,,,,,2023,"Harris County, TX",48201,4-digit,6244,101409000,422108000,low,low,low
48,201,62441/,G,16687,G,101409,G,422108,1028,259.0,214.0,277.0,241.0,30.0,3.0,4.0,,,,,,,2023,"Harris County, TX",48201,5-digit,62441,101409000,422108000,low,low,low
48,201,624410,G,16687,G,101409,G,422108,1028,259.0,214.0,277.0,241.0,30.0,3.0,4.0,,,,,,,2023,"Harris County, TX",48201,6-digit,624410,101409000,422108000,low,low,low
48,201,71----,G,31458,G,358640,G,1785157,1327,638.0,195.0,201.0,172.0,55.0,46.0,15.0,3.0,,,,,,2023,"Harris County, TX",48201,2-digit,71,358640000,1785157000,low,low,low
48,201,711///,G,9380,G,213906,G,1169485,384,276.0,41.0,20.0,25.0,6.0,8.0,3.0,3.0,,,,,,2023,"Harris County, TX",48201,3-digit,711,213906000,1169485000,low,low,low
48,201,7111//,G,1932,H,20485,H,84017,72,44.0,10.0,3.0,7.0,,5.0,,,,,,,,2023,"Harris County, TX",48201,4-digit,7111,20485000,84017000,low,medium,medium
48,201,71111/,G,1189,G,10523,G,42642,24,10.0,4.0,,4.0,,4.0,,,,,,,,2023,"Harris County, TX",48201,5-digit,71111,10523000,42642000,low,low,low
48,201,711110,G,1189,G,10523,G,42642,24,10.0,4.0,,4.0,,4.0,,,,,,,,2023,"Harris County, TX",48201,6-digit,711110,10523000,42642000,low,low,low
48,201,71112/,J,361,J,3623,J,15948,6,,,,,,,,,,,,,,2023,"Harris County, TX",48201,5-digit,71112,3623000,15948000,high,high,high
48,201,711120,J,361,J,3623,J,15948,6,,,,,,,,,,,,,,2023,"Harris County, TX",48201,6-digit,711120,3623000,15948000,high,high,high
48,201,71113/,G,377,H,6309,H,25265,39,29.0,5.0,,,,,,,,,,,,2023,"Harris County, TX",48201,5-digit,71113,6309000,25265000,low,medium,medium
48,201,711130,G,377,H,6309,H,25265,39,29.0,5.0,,,,,,,,,,,,2023,"Harris County, TX",48201,6-digit,711130,6309000,25265000,low,medium,medium
48,201,71119/,J,5,J,30,G,162,3,3.0,,,,,,,,,,,,,2023,"Harris County, TX",48201,5-digit,71119,30000,162000,high,high,low
48,201,711190,J,5,J,30,G,162,3,3.0,,,,,,,,,,,,,2023,"Harris County, TX",48201,6-digit,711190,30000,162000,high,high,low
48,201,7112//,G,2642,H,148869,G,925084,23,9.0,4.0,,3.0,,,,,,,,,,2023,"Harris County, TX",48201,4-digit,7112,148869000,925084000,low,medium,low
48,201,71121/,G,2642,H,148869,G,925084,23,9.0,4.0,,3.0,,,,,,,,,,2023,"Harris County, TX",48201,5-digit,71121,148869000,925084000,low,medium,low
48,201,711211,G,2307,H,146670,G,918089,11,,,,,,,,,,,,,,2023,"Harris County, TX",48201,6-digit,711211,146670000,918089000,low,medium,low
48,201,711219,H,52,H,466,H,1929,10,7.0,,,,,,,,,,,,,2023,"Harris County, TX",48201,6-digit,711219,466000,1929000,medium,medium,medium
48,201,7113//,G,4253,H,35462,H,121253,101,60.0,15.0,8.0,11.0,,,,,,,,,,2023,"Harris County, TX",48201,4-digit,7113,35462000,121253000,low,medium,medium
48,201,71131/,G,2521,G,15363,G,63702,46,23.0,6.0,7.0,6.0,,,,,,,,,,2023,"Harris County, TX",48201,5-digit,71131,15363000,63702000,low,low,low
48,201,711310,G,2521,G,15363,G,63702,46,23.0,6.0,7.0,6.0,,,,,,,,,,2023,"Harris County, TX",48201,6-digit,711310,15363000,63702000,low,low,low
48,201,71132/,H,1732,J,20099,H,57551,55,37.0,9.0,,5.0,,,,,,,,,,2023,"Harris County, TX",48201,5-digit,71132,20099000,57551000,medium,high,medium
48,201,711320,H,1732,J,20099,H,57551,55,37.0,9.0,,5.0,,,,,,,,,,2023,"Harris County, TX",48201,6-digit,711320,20099000,57551000,medium,high,medium
48,201,7114//,G,158,H,3964,H,15547,23,18.0,,,,,,,,,,,,,2023,"Harris County, TX",48201,4-digit,7114,3964000,15547000,low,medium,medium
48,201,71141/,G,158,H,3964,H,15547,23,18.0,,,,,,,,,,,,,2023,"Harris County, TX",48201,5-digit,71141,3964000,15547000,low,medium,medium
48,201,711410,G,158,H,3964,H,15547,23,18.0,,,,,,,,,,,,,2023,"Harris County, TX",48201,6-digit,711410,3964000,15547000,low,medium,medium
48,201,7115//,G,395,G,5126,G,23584,165,145.0,10.0,7.0,3.0,,,,,,,,,,2023,"Harris County, TX",48201,4-digit,7115,5126000,23584000,low,low,low
48,201,71151/,G,395,G,5126,G,23584,165,145.0,10.0,7.0,3.0,,,,,,,,,,2023,"Harris County, TX",48201,5-digit,71151,5126000,23584000,low,low,low
48,201,711510,G,395,G,5126,G,23584,165,145.0,10.0,7.0,3.0,,,,,,,,,,2023,"Harris County, TX",48201,6-digit,711510,5126000,23584000,low,low,low
48,201,712///,H,2861,H,31616,H,135248,59,20.0,12.0,6.0,11.0,3.0,3.0,4.0,,,,,,,2023,"Harris County, TX",48201,3-digit,712,31616000,135248000,medium,medium,medium
48,201,7121//,H,2861,H,31616,H,135248,59,20.0,12.0,6.0,11.0,3.0,3.0,4.0,,,,,,,2023,"Harris County, TX",48201,4-digit,7121,31616000,135248000,medium,medium,medium
48,201,71211/,G,1875,H,20827,H,90893,40,14.0,7.0,4.0,7.0,3.0,3.0,,,,,,,,2023,"Harris County, TX",48201,5-digit,71211,20827000,90893000,low,medium,medium
48,201,712110,G,1875,H,20827,H,90893,40,14.0,7.0,4.0,7.0,3.0,3.0,,,,,,,,2023,"Harris County, TX",48201,6-digit,712110,20827000,90893000,low,medium,medium
48,201,71213/,H,877,H,9849,H,39306,9,3.0,,,,,,,,,,,,,2023,"Harris County, TX",48201,5-digit,71213,9849000,39306000,medium,medium,medium
48,201,712130,H,877,H,9849,H,39306,9,3.0,,,,,,,,,,,,,2023,"Harris County, TX",48201,6-digit,712130,9849000,39306000,medium,medium,medium
48,201,71219/,H,97,G,822,G,4503,8,,3.0,,,,,,,,,,,,2023,"Harris County, TX",48201,5-digit,71219,822000,4503000,medium,low,low
48,201,712190,H,97,G,822,G,4503,8,,3.0,,,,,,,,,,,,2023,"Harris County, TX",48201,6-digit,712190,822000,4503000,medium,low,low
48,201,713///,G,19217,G,113118,G,480424,884,342.0,142.0,175.0,136.0,46.0,35.0,8.0,,,,,,,2023,"Harris County, TX",48201,3-digit,713,113118000,480424000,low,low,low
48,201,7131//,G,2432,G,12361,H,59687,70,22.0,7.0,17.0,9.0,5.0,10.0,,,,,,,,2023,"Harris County, TX",48201,4-digit,7131,12361000,59687000,low,low,medium
48,201,71311/,H,394,G,1573,H,8312,15,5.0,,4.0,3.0,,,,,,,,,,2023,"Harris County, TX",48201,5-digit,71311,1573000,8312000,medium,low,medium
48,201,713110,H,394,G,1573,H,8312,15,5.0,,4.0,3.0,,,,,,,,,,2023,"Harris County, TX",48201,6-digit,713110,1573000,8312000,medium,low,medium
48,201,71312/,G,2038,H,10788,H,51375,55,17.0,7.0,13.0,6.0,3.0,9.0,,,,,,,,2023,"Harris County, TX",48201,5-digit,71312,10788000,51375000,low,medium,medium
48,201,713120,G,2038,H,10788,H,51375,55,17.0,7.0,13.0,6.0,3.0,9.0,,,,,,,,2023,"Harris County, TX",48201,6-digit,713120,10788000,51375000,low,medium,medium
48,201,7132//,H,293,G,1880,G,7914,27,9.0,4.0,9.0,5.0,,,,,,,,,,2023,"Harris County, TX",48201,4-digit,7132,1880000,7914000,medium,low,low
48,201,71329/,H,287,G,1822,G,7734,26,9.0,3.0,9.0,5.0,,,,,,,,,,2023,"Harris County, TX",48201,5-digit,71329,1822000,7734000,medium,low,low
48,201,713290,H,287,G,1822,G,7734,26,9.0,3.0,9.0,5.0,,,,,,,,,,2023,"Harris County, TX",48201,6-digit,713290,1822000,7734000,medium,low,low
48,201,7139//,G,16492,G,98877,G,412823,787,311.0,131.0,149.0,122.0,41.0,25.0,8.0,,,,,,,2023,"Harris County, TX",48201,4-digit,7139,98877000,412823000,low,low,low
48,201,71391/,G,3672,G,31663,G,136620,34,,,,10.0,7.0,11.0,3.0,,,,,,,2023,"Harris County, TX",48201,5-digit,71391,31663000,136620000,low,low,low
48,201,713910,G,3672,G,31663,G,136620,34,,,,10.0,7.0,11.0,3.0,,,,,,,2023,"Harris County, TX",48201,6-digit,713910,31663000,136620000,low,low,low
48,201,71393/,G,136,H,1225,H,5285,11,7.0,,,,,,,,,,,,,2023,"Harris County, TX",48201,5-digit,71393,1225000,5285000,low,medium,medium
48,201,713930,G,136,H,1225,H,5285,11,7.0,,,,,,,,,,,,,2023,"Harris County, TX",48201,6-digit,713930,1225000,5285000,low,medium,medium
48,201,71394/,G,8409,G,42658,G,173595,523,200.0,102.0,110.0,79.0,20.0,10.0,,,,,,,,2023,"Harris County, TX",48201,5-digit,71394,42658000,173595000,low,low,low
48,201,713940,G,8409,G,42658,G,173595,523,200.0,102.0,110.0,79.0,20.0,10.0,,,,,,,,2023,"Harris County, TX",48201,6-digit,713940,42658000,173595000,low,low,low
48,201,71395/,G,468,G,2729,G,11661,14,,,,9.0,3.0,,,,,,,,,2023,"Harris County, TX",48201,5-digit,71395,2729000,11661000,low,low,low
48,201,713950,G,468,G,2729,G,11661,14,,,,9.0,3.0,,,,,,,,,2023,"Harris County, TX",48201,6-digit,713950,2729000,11661000,low,low,low
48,201,71399/,G,3807,G,20602,G,85662,205,102.0,27.0,36.0,23.0,10.0,4.0,3.0,,,,,,,2023,"Harris County, TX",48201,5-digit,71399,20602000,85662000,low,low,low
48,201,713990,G,3807,G,20602,G,85662,205,102.0,27.0,36.0,23.0,10.0,4.0,3.0,,,,,,,2023,"Harris County, TX",48201,6-digit,713990,20602000,85662000,low,low,low
48,201,72----,G,232610,G,1396912,G,5754227,10973,3120.0,1885.0,2292.0,2517.0,902.0,236.0,13.0,7.0,,,,,,2023,"Harris County, TX",48201,2-digit,72,1396912000,5754227000,low,low,low
48,201,721///,G,17108,G,160588,G,637952,935,433.0,156.0,146.0,137.0,31.0,27.0,,4.0,,,,,,2023,"Harris County, TX",48201,3-digit,721,160588000,637952000,low,low,low
48,201,7211//,G,16876,G,158186,G,627776,889,397.0,149.0,145.0,137.0,29.0,27.0,,4.0,,,,,,2023,"Harris County, TX",48201,4-digit,7211,158186000,627776000,low,low,low
48,201,72111/,G,16844,G,157976,G,626770,877,389.0,145.0,145.0,137.0,29.0,27.0,,4.0,,,,,,2023,"Harris County, TX",48201,5-digit,72111,157976000,626770000,low,low,low
48,201,721110,G,16844,G,157976,G,626770,877,389.0,145.0,145.0,137.0,29.0,27.0,,4.0,,,,,,2023,"Harris County, TX",48201,6-digit,721110,157976000,626770000,low,low,low
48,201,72119/,J,32,H,210,G,1006,12,8.0,4.0,,,,,,,,,,,,2023,"Harris County, TX",48201,5-digit,72119,210000,1006000,high,medium,low
48,201,721191,J,11,J,56,J,253,4,,,,,,,,,,,,,,2023,"Harris County, TX",48201,6-digit,721191,56000,253000,high,high,high
48,201,721199,G,21,G,154,G,753,8,6.0,,,,,,,,,,,,,2023,"Harris County, TX",48201,6-digit,721199,154000,753000,low,low,low
48,201,7212//,G,202,G,2142,G,9067,35,26.0,6.0,,,,,,,,,,,,2023,"Harris County, TX",48201,4-digit,7212,2142000,9067000,low,low,low
48,201,72121/,G,202,G,2142,G,9067,35,26.0,6.0,,,,,,,,,,,,2023,"Harris County, TX",48201,5-digit,72121,2142000,9067000,low,low,low
48,201,721211,J,45,G,415,G,1845,21,18.0,3.0,,,,,,,,,,,,2023,"Harris County, TX",48201,6-digit,721211,415000,1845000,high,low,low
48,201,721214,G,157,G,1727,G,7222,14,8.0,3.0,,,,,,,,,,,,2023,"Harris County, TX",48201,6-digit,721214,1727000,7222000,low,low,low
48,201,7213//,H,30,G,260,G,1109,11,10.0,,,,,,,,,,,,,2023,"Harris County, TX",48201,4-digit,7213,260000,1109000,medium,low,low
48,201,72131/,H,30,G,260,G,1109,11,10.0,,,,,,,,,,,,,2023,"Harris County, TX",48201,5-digit,72131,260000,1109000,medium,low,low
48,201,721310,H,30,G,260,G,1109,11,10.0,,,,,,,,,,,,,2023,"Harris County, TX",48201,6-digit,721310,260000,1109000,medium,low,low
48,201,722///,G,215502,G,1236324,G,5116275,10038,2687.0,1729.0,2146.0,2380.0,871.0,209.0,12.0,3.0,,,,,,2023,"Harris County, TX",48201,3-digit,722,1236324000,5116275000,low,low,low
48,201,7223//,G,12820,G,96767,G,399864,657,319.0,119.0,97.0,69.0,26.0,20.0,5.0,,,,,,,2023,"Harris County, TX",48201,4-digit,7223,96767000,399864000,low,low,low
48,201,72231/,G,10700,G,82834,G,340406,349,119.0,67.0,65.0,51.0,21.0,19.0,5.0,,,,,,,2023,"Harris County, TX",48201,5-digit,72231,82834000,340406000,low,low,low
48,201,722310,G,10700,G,82834,G,340406,349,119.0,67.0,65.0,51.0,21.0,19.0,5.0,,,,,,,2023,"Harris County, TX",48201,6-digit,722310,82834000,340406000,low,low,low
48,201,72232/,G,1710,G,11603,G,49391,182,101.0,36.0,25.0,14.0,5.0,,,,,,,,,2023,"Harris County, TX",48201,5-digit,72232,11603000,49391000,low,low,low
48,201,722320,G,1710,G,11603,G,49391,182,101.0,36.0,25.0,14.0,5.0,,,,,,,,,2023,"Harris County, TX",48201,6-digit,722320,11603000,49391000,low,low,low
48,201,72233/,G,410,G,2330,G,10067,126,99.0,16.0,7.0,4.0,,,,,,,,,,2023,"Harris County, TX",48201,5-digit,72233,2330000,10067000,low,low,low
48,201,722330,G,410,G,2330,G,10067,126,99.0,16.0,7.0,4.0,,,,,,,,,,2023,"Harris County, TX",48201,6-digit,722330,2330000,10067000,low,low,low
48,201,7224//,G,6771,G,42010,G,174781,529,178.0,126.0,123.0,81.0,16.0,5.0,,,,,,,,2023,"Harris County, TX",48201,4-digit,7224,42010000,174781000,low,low,low
48,201,72241/,G,6771,G,42010,G,174781,529,178.0,126.0,123.0,81.0,16.0,5.0,,,,,,,,2023,"Harris County, TX",48201,5-digit,72241,42010000,174781000,low,low,low
48,201,722410,G,6771,G,42010,G,174781,529,178.0,126.0,123.0,81.0,16.0,5.0,,,,,,,,2023,"Harris County, TX",48201,6-digit,722410,42010000,174781000,low,low,low
48,201,7225//,G,195911,G,1097547,G,4541630,8852,2190.0,1484.0,1926.0,2230.0,829.0,184.0,7.0,,,,,,,2023,"Harris County, TX",48201,4-digit,7225,1097547000,4541630000,low,low,low
48,201,72251/,G,195911,G,1097547,G,4541630,8852,2190.0,1484.0,1926.0,2230.0,829.0,184.0,7.0,,,,,,,2023,"Harris County, TX",48201,5-digit,72251,1097547000,4541630000,low,low,low
48,201,722511,G,92715,G,610739,G,2476722,3574,951.0,581.0,646.0,833.0,419.0,140.0,3.0,,,,,,,2023,"Harris County, TX",48201,6-digit,722511,610739000,2476722000,low,low,low
48,201,722513,G,87661,G,410223,G,1740357,3958,812.0,609.0,949.0,1158.0,384.0,41.0,4.0,,,,,,,2023,"Harris County, TX",48201,6-digit,722513,410223000,1740357000,low,low,low
48,201,722514,G,2391,G,13663,G,56888,96,25.0,13.0,13.0,25.0,19.0,,,,,,,,,2023,"Harris County, TX",48201,6-digit,722514,13663000,56888000,low,low,low
48,201,722515,G,13144,G,62922,G,267663,1224,402.0,281.0,318.0,214.0,7.0,,,,,,,,,2023,"Harris County, TX",48201,6-digit,722515,62922000,267663000,low,low,low
48,201,81----,G,93464,G,1129871,G,4583609,8802,5243.0,1614.0,1012.0,637.0,182.0,93.0,13.0,5.0,3.0,,,,,2023,"Harris County, TX",48201,2-digit,81,1129871000,4583609000,low,low,low
48,201,811///,G,38058,G,631343,G,2568989,2965,1626.0,610.0,389.0,236.0,59.0,34.0,6.0,3.0,,,,,,2023,"Harris County, TX",48201,3-digit,811,631343000,2568989000,low,low,low
48,201,8111//,G,16598,G,189698,G,780862,2133,1181.0,475.0,294.0,149.0,27.0,6.0,,,,,,,,2023,"Harris County, TX",48201,4-digit,8111,189698000,780862000,low,low,low
48,201,81111/,G,6364,G,84362,G,346061,1174,741.0,283.0,105.0,37.0,6.0,,,,,,,,,2023,"Harris County, TX",48201,5-digit,81111,84362000,346061000,low,low,low
48,201,811111,G,5811,G,77529,G,317489,1037,662.0,231.0,99.0,37.0,6.0,,,,,,,,,2023,"Harris County, TX",48201,6-digit,811111,77529000,317489000,low,low,low
48,201,811112,H,66,G,682,G,2890,26,23.0,3.0,,,,,,,,,,,,2023,"Harris County, TX",48201,6-digit,811112,682000,2890000,medium,low,low
48,201,811113,G,247,G,3508,G,14458,60,33.0,24.0,3.0,,,,,,,,,,,2023,"Harris County, TX",48201,6-digit,811113,3508000,14458000,low,low,low
48,201,811118,G,240,G,2643,G,11224,51,23.0,25.0,3.0,,,,,,,,,,,2023,"Harris County, TX",48201,6-digit,811118,2643000,11224000,low,low,low
48,201,81112/,G,4153,G,61298,G,252873,469,229.0,92.0,90.0,51.0,7.0,,,,,,,,,2023,"Harris County, TX",48201,5-digit,81112,61298000,252873000,low,low,low
48,201,811121,G,3580,G,55021,G,224642,384,177.0,80.0,77.0,43.0,7.0,,,,,,,,,2023,"Harris County, TX",48201,6-digit,811121,55021000,224642000,low,low,low
48,201,811122,G,573,G,6277,G,28231,85,52.0,12.0,13.0,8.0,,,,,,,,,,2023,"Harris County, TX",48201,6-digit,811122,6277000,28231000,low,low,low
48,201,81119/,G,6081,G,44038,G,181928,490,211.0,100.0,99.0,61.0,14.0,4.0,,,,,,,,2023,"Harris County, TX",48201,5-digit,81119,44038000,181928000,low,low,low
48,201,811191,H,1087,H,9303,H,38763,116,25.0,45.0,42.0,3.0,,,,,,,,,,2023,"Harris County, TX",48201,6-digit,811191,9303000,38763000,medium,medium,medium
48,201,811192,G,4564,G,30770,G,128191,288,117.0,43.0,55.0,57.0,12.0,3.0,,,,,,,,2023,"Harris County, TX",48201,6-digit,811192,30770000,128191000,low,low,low
48,201,811198,G,430,G,3965,G,14974,86,69.0,12.0,,,,,,,,,,,,2023,"Harris County, TX",48201,6-digit,811198,3965000,14974000,low,low,low
48,201,8112//,G,1530,G,24557,G,95645,150,95.0,29.0,13.0,7.0,,4.0,,,,,,,,2023,"Harris County, TX",48201,4-digit,8112,24557000,95645000,low,low,low
48,201,81121/,G,1530,G,24557,G,95645,150,95.0,29.0,13.0,7.0,,4.0,,,,,,,,2023,"Harris County, TX",48201,5-digit,81121,24557000,95645000,low,low,low
48,201,811211,G,333,G,3092,G,13616,28,18.0,4.0,4.0,,,,,,,,,,,2023,"Harris County, TX",48201,6-digit,811211,3092000,13616000,low,low,low
48,201,811212,H,721,H,13153,G,46663,64,48.0,9.0,,,,3.0,,,,,,,,2023,"Harris County, TX",48201,6-digit,811212,13153000,46663000,medium,medium,low
48,201,811213,G,132,G,2186,G,7687,20,14.0,,,,,,,,,,,,,2023,"Harris County, TX",48201,6-digit,811213,2186000,7687000,low,low,low
48,201,811219,H,344,H,6126,H,27679,38,15.0,14.0,5.0,,,,,,,,,,,2023,"Harris County, TX",48201,6-digit,811219,6126000,27679000,medium,medium,medium
48,201,8113//,G,18761,G,405153,G,1641635,428,167.0,66.0,60.0,72.0,29.0,24.0,5.0,3.0,,,,,,2023,"Harris County, TX",48201,4-digit,8113,405153000,1641635000,low,low,low
48,201,81131/,G,18761,G,405153,G,1641635,428,167.0,66.0,60.0,72.0,29.0,24.0,5.0,3.0,,,,,,2023,"Harris County, TX",48201,5-digit,81131,405153000,1641635000,low,low,low
48,201,811310,G,18761,G,405153,G,1641635,428,167.0,66.0,60.0,72.0,29.0,24.0,5.0,3.0,,,,,,2023,"Harris County, TX",48201,6-digit,811310,405153000,1641635000,low,low,low
48,201,8114//,G,1169,G,11935,G,50847,254,183.0,40.0,22.0,8.0,,,,,,,,,,2023,"Harris County, TX",48201,4-digit,8114,11935000,50847000,low,low,low
48,201,81141/,G,245,H,2998,H,13050,67,53.0,6.0,6.0,,,,,,,,,,,2023,"Harris County, TX",48201,5-digit,81141,2998000,13050000,low,medium,medium
48,201,811411,G,27,H,298,G,1377,13,11.0,,,,,,,,,,,,,2023,"Harris County, TX",48201,6-digit,811411,298000,1377000,low,medium,low
48,201,811412,G,218,H,2700,H,11673,54,42.0,4.0,6.0,,,,,,,,,,,2023,"Harris County, TX",48201,6-digit,811412,2700000,11673000,low,medium,medium
48,201,81142/,H,301,H,3227,H,12668,41,26.0,8.0,5.0,,,,,,,,,,,2023,"Harris County, TX",48201,5-digit,81142,3227000,12668000,medium,medium,medium
48,201,811420,H,301,H,3227,H,12668,41,26.0,8.0,5.0,,,,,,,,,,,2023,"Harris County, TX",48201,6-digit,811420,3227000,12668000,medium,medium,medium
48,201,81143/,H,59,H,634,H,2595,16,13.0,,,,,,,,,,,,,2023,"Harris County, TX",48201,5-digit,81143,634000,2595000,medium,medium,medium
48,201,811430,H,59,H,634,H,2595,16,13.0,,,,,,,,,,,,,2023,"Harris County, TX",48201,6-digit,811430,634000,2595000,medium,medium,medium
48,201,81149/,G,564,G,5076,G,22534,130,91.0,24.0,11.0,4.0,,,,,,,,,,2023,"Harris County, TX",48201,5-digit,81149,5076000,22534000,low,low,low
48,201,811490,G,564,G,5076,G,22534,130,91.0,24.0,11.0,4.0,,,,,,,,,,2023,"Harris County, TX",48201,6-digit,811490,5076000,22534000,low,low,low
48,201,812///,G,23843,G,200700,G,789631,3234,2103.0,543.0,336.0,201.0,27.0,20.0,3.0,,,,,,,2023,"Harris County, TX",48201,3-digit,812,200700000,789631000,low,low,low
48,201,8121//,G,10139,G,82396,G,331753,1894,1344.0,284.0,162.0,93.0,6.0,4.0,,,,,,,,2023,"Harris County, TX",48201,4-digit,8121,82396000,331753000,low,low,low
48,201,81211/,G,6647,G,56062,G,225938,1407,1010.0,219.0,124.0,46.0,5.0,3.0,,,,,,,,2023,"Harris County, TX",48201,5-digit,81211,56062000,225938000,low,low,low
48,201,812111,H,451,H,3498,H,14200,75,47.0,11.0,13.0,3.0,,,,,,,,,,2023,"Harris County, TX",48201,6-digit,812111,3498000,14200000,medium,medium,medium
48,201,812112,G,5099,G,44253,G,177656,997,694.0,162.0,96.0,38.0,4.0,3.0,,,,,,,,2023,"Harris County, TX",48201,6-digit,812112,44253000,177656000,low,low,low
48,201,812113,G,1097,G,8311,G,34082,335,269.0,46.0,15.0,5.0,,,,,,,,,,2023,"Harris County, TX",48201,6-digit,812113,8311000,34082000,low,low,low
48,201,81219/,G,3492,G,26334,G,105815,487,334.0,65.0,38.0,47.0,,,,,,,,,,2023,"Harris County, TX",48201,5-digit,81219,26334000,105815000,low,low,low
48,201,812191,G,149,G,1640,G,5923,41,35.0,,3.0,,,,,,,,,,,2023,"Harris County, TX",48201,6-digit,812191,1640000,5923000,low,low,low
48,201,812199,G,3343,G,24694,G,99892,446,299.0,63.0,35.0,46.0,,,,,,,,,,2023,"Harris County, TX",48201,6-digit,812199,24694000,99892000,low,low,low
48,201,8122//,H,1716,H,27149,H,87853,144,46.0,47.0,28.0,18.0,4.0,,,,,,,,,2023,"Harris County, TX",48201,4-digit,8122,27149000,87853000,medium,medium,medium
48,201,81221/,J,1179,H,19498,H,63010,108,38.0,39.0,17.0,11.0,,,,,,,,,,2023,"Harris County, TX",48201,5-digit,81221,19498000,63010000,high,medium,medium
48,201,812210,J,1179,H,19498,H,63010,108,38.0,39.0,17.0,11.0,,,,,,,,,,2023,"Harris County, TX",48201,6-digit,812210,19498000,63010000,high,medium,medium
48,201,81222/,H,537,H,7651,H,24843,36,8.0,8.0,11.0,7.0,,,,,,,,,,2023,"Harris County, TX",48201,5-digit,81222,7651000,24843000,medium,medium,medium
48,201,812220,H,537,H,7651,H,24843,36,8.0,8.0,11.0,7.0,,,,,,,,,,2023,"Harris County, TX",48201,6-digit,812220,7651000,24843000,medium,medium,medium
48,201,8123//,G,4513,G,35113,G,140720,483,298.0,101.0,51.0,17.0,5.0,10.0,,,,,,,,2023,"Harris County, TX",48201,4-digit,8123,35113000,140720000,low,low,low
48,201,81231/,H,755,G,4187,G,16295,196,155.0,27.0,12.0,,,,,,,,,,,2023,"Harris County, TX",48201,5-digit,81231,4187000,16295000,medium,low,low
48,201,812310,H,755,G,4187,G,16295,196,155.0,27.0,12.0,,,,,,,,,,,2023,"Harris County, TX",48201,6-digit,812310,4187000,16295000,medium,low,low
48,201,81232/,G,1756,G,10617,G,42245,259,135.0,74.0,36.0,12.0,,,,,,,,,,2023,"Harris County, TX",48201,5-digit,81232,10617000,42245000,low,low,low
48,201,812320,G,1756,G,10617,G,42245,259,135.0,74.0,36.0,12.0,,,,,,,,,,2023,"Harris County, TX",48201,6-digit,812320,10617000,42245000,low,low,low
48,201,81233/,G,2002,G,20309,G,82180,28,8.0,,3.0,4.0,4.0,8.0,,,,,,,,2023,"Harris County, TX",48201,5-digit,81233,20309000,82180000,low,low,low
48,201,812331,G,606,G,4811,G,20100,11,3.0,,,,,,,,,,,,,2023,"Harris County, TX",48201,6-digit,812331,4811000,20100000,low,low,low
48,201,812332,G,1396,G,15498,G,62080,17,5.0,,,,,6.0,,,,,,,,2023,"Harris County, TX",48201,6-digit,812332,15498000,62080000,low,low,low
48,201,8129//,G,7475,G,56042,G,229305,713,415.0,111.0,95.0,73.0,12.0,5.0,,,,,,,,2023,"Harris County, TX",48201,4-digit,8129,56042000,229305000,low,low,low
48,201,81291/,G,2533,G,16067,G,67170,263,125.0,43.0,52.0,41.0,,,,,,,,,,2023,"Harris County, TX",48201,5-digit,81291,16067000,67170000,low,low,low
48,201,812910,G,2533,G,16067,G,67170,263,125.0,43.0,52.0,41.0,,,,,,,,,,2023,"Harris County, TX",48201,6-digit,812910,16067000,67170000,low,low,low
48,201,81292/,J,14,J,110,J,455,5,4.0,,,,,,,,,,,,,2023,"Harris County, TX",48201,5-digit,81292,110000,455000,high,high,high
48,201,812921,J,13,J,101,J,416,4,3.0,,,,,,,,,,,,,2023,"Harris County, TX",48201,6-digit,812921,101000,416000,high,high,high
48,201,81293/,H,3709,G,28858,H,113002,201,107.0,33.0,22.0,24.0,9.0,4.0,,,,,,,,2023,"Harris County, TX",48201,5-digit,81293,28858000,113002000,medium,low,medium
48,201,812930,H,3709,G,28858,H,113002,201,107.0,33.0,22.0,24.0,9.0,4.0,,,,,,,,2023,"Harris County, TX",48201,6-digit,812930,28858000,113002000,medium,low,medium
48,201,81299/,G,1219,G,11007,G,48678,244,179.0,34.0,21.0,8.0,,,,,,,,,,2023,"Harris County, TX",48201,5-digit,81299,11007000,48678000,low,low,low
48,201,812990,G,1219,G,11007,G,48678,244,179.0,34.0,21.0,8.0,,,,,,,,,,2023,"Harris County, TX",48201,6-digit,812990,11007000,48678000,low,low,low
48,201,813///,G,31563,G,297828,G,1224989,2603,1514.0,461.0,287.0,200.0,96.0,39.0,4.0,,,,,,,2023,"Harris County, TX",48201,3-digit,813,297828000,1224989000,low,low,low
48,201,8131//,G,22438,G,167542,G,690681,1669,907.0,317.0,204.0,141.0,68.0,28.0,,,,,,,,2023,"Harris County, TX",48201,4-digit,8131,167542000,690681000,low,low,low
48,201,81311/,G,22438,G,167542,G,690681,1669,907.0,317.0,204.0,141.0,68.0,28.0,,,,,,,,2023,"Harris County, TX",48201,5-digit,81311,167542000,690681000,low,low,low
48,201,813110,G,22438,G,167542,G,690681,1669,907.0,317.0,204.0,141.0,68.0,28.0,,,,,,,,2023,"Harris County, TX",48201,6-digit,813110,167542000,690681000,low,low,low
48,201,8132//,G,2187,G,42735,G,171942,222,157.0,30.0,14.0,11.0,6.0,3.0,,,,,,,,2023,"Harris County, TX",48201,4-digit,8132,42735000,171942000,low,low,low
48,201,81321/,G,2187,G,42735,G,171942,222,157.0,30.0,14.0,11.0,6.0,3.0,,,,,,,,2023,"Harris County, TX",48201,5-digit,81321,42735000,171942000,low,low,low
48,201,813211,H,934,H,20095,H,77137,137,105.0,17.0,7.0,4.0,,,,,,,,,,2023,"Harris County, TX",48201,6-digit,813211,20095000,77137000,medium,medium,medium
48,201,813212,H,885,H,16429,H,69894,42,19.0,8.0,5.0,5.0,4.0,,,,,,,,,2023,"Harris County, TX",48201,6-digit,813212,16429000,69894000,medium,medium,medium
48,201,813219,H,368,H,6211,H,24911,43,33.0,5.0,,,,,,,,,,,,2023,"Harris County, TX",48201,6-digit,813219,6211000,24911000,medium,medium,medium
48,201,8133//,H,1647,G,22121,G,93819,147,85.0,22.0,18.0,15.0,4.0,3.0,,,,,,,,2023,"Harris County, TX",48201,4-digit,8133,22121000,93819000,medium,low,low
48,201,81331/,H,1647,G,22121,G,93819,147,85.0,22.0,18.0,15.0,4.0,3.0,,,,,,,,2023,"Harris County, TX",48201,5-digit,81331,22121000,93819000,medium,low,low
48,201,813311,G,309,G,4813,G,21432,28,14.0,,6.0,6.0,,,,,,,,,,2023,"Harris County, TX",48201,6-digit,813311,4813000,21432000,low,low,low
48,201,813312,H,777,H,9991,H,42767,47,28.0,5.0,4.0,5.0,,3.0,,,,,,,,2023,"Harris County, TX",48201,6-digit,813312,9991000,42767000,medium,medium,medium
48,201,813319,G,561,G,7317,G,29620,72,43.0,15.0,8.0,4.0,,,,,,,,,,2023,"Harris County, TX",48201,6-digit,813319,7317000,29620000,low,low,low
48,201,8134//,G,2093,G,14889,G,61841,150,98.0,18.0,12.0,10.0,8.0,3.0,,,,,,,,2023,"Harris County, TX",48201,4-digit,8134,14889000,61841000,low,low,low
48,201,81341/,G,2093,G,14889,G,61841,150,98.0,18.0,12.0,10.0,8.0,3.0,,,,,,,,2023,"Harris County, TX",48201,5-digit,81341,14889000,61841000,low,low,low
48,201,813410,G,2093,G,14889,G,61841,150,98.0,18.0,12.0,10.0,8.0,3.0,,,,,,,,2023,"Harris County, TX",48201,6-digit,813410,14889000,61841000,low,low,low
48,201,8139//,G,3198,G,50541,G,206706,415,267.0,74.0,39.0,23.0,10.0,,,,,,,,,2023,"Harris County, TX",48201,4-digit,8139,50541000,206706000,low,low,low
48,201,81391/,G,867,G,20136,G,78798,78,48.0,15.0,6.0,5.0,3.0,,,,,,,,,2023,"Harris County, TX",48201,5-digit,81391,20136000,78798000,low,low,low
48,201,813910,G,867,G,20136,G,78798,78,48.0,15.0,6.0,5.0,3.0,,,,,,,,,2023,"Harris County, TX",48201,6-digit,813910,20136000,78798000,low,low,low
48,201,81392/,G,473,G,8341,G,36213,44,29.0,6.0,3.0,3.0,,,,,,,,,,2023,"Harris County, TX",48201,5-digit,81392,8341000,36213000,low,low,low
48,201,813920,G,473,G,8341,G,36213,44,29.0,6.0,3.0,3.0,,,,,,,,,,2023,"Harris County, TX",48201,6-digit,813920,8341000,36213000,low,low,low
48,201,81393/,G,701,G,9790,G,40067,79,34.0,21.0,16.0,6.0,,,,,,,,,,2023,"Harris County, TX",48201,5-digit,81393,9790000,40067000,low,low,low
48,201,813930,G,701,G,9790,G,40067,79,34.0,21.0,16.0,6.0,,,,,,,,,,2023,"Harris County, TX",48201,6-digit,813930,9790000,40067000,low,low,low
48,201,81394/,H,90,H,1165,G,6305,38,30.0,6.0,,,,,,,,,,,,2023,"Harris County, TX",48201,5-digit,81394,1165000,6305000,medium,medium,low
48,201,813940,H,90,H,1165,G,6305,38,30.0,6.0,,,,,,,,,,,,2023,"Harris County, TX",48201,6-digit,813940,1165000,6305000,medium,medium,low
48,201,81399/,G,1067,G,11109,G,45323,176,126.0,26.0,12.0,9.0,3.0,,,,,,,,,2023,"Harris County, TX",48201,5-digit,81399,11109000,45323000,low,low,low
48,201,813990,G,1067,G,11109,G,45323,176,126.0,26.0,12.0,9.0,3.0,,,,,,,,,2023,"Harris County, TX",48201,6-digit,813990,11109000,45323000,low,low,low
48,201,99----,H,200,G,1678,G,6968,162,154.0,6.0,,,,,,,,,,,,2023,"Harris County, TX",48201,2-digit,99,1678000,6968000,medium,low,low
